,objectid,State,District,st_area(sh,st_length(,Confirmed,Active,Recovered,Deceased,Zone,Population,Longitude,Latitude
0,1,Maharashtra,Jalgaon,13539669360.996515,846430.8152424421,50098,5387,43426,1285,0,3679936.0,75.5757336671625,20.847010750649297
1,2,Maharashtra,Nashik,17713577305.771286,972005.60718845,82865,13676,67784,1405,0,4993796.0,74.1019008483447,20.273615684016512
2,3,Maharashtra,Chandrapur,12945322585.541868,741024.4338459367,11822,3574,8091,157,1,2071101.0,79.31194084148144,20.13175510883184
3,4,Maharashtra,Yavatmal,15479400935.692009,1014941.8657990992,9472,1510,7702,260,0,2077144.0,78.08899850412047,20.011791640013318
4,5,Maharashtra,Nanded,11863874089.417131,1131732.187900762,17148,4312,12390,446,1,2876259.0,77.60777042948725,19.13638457134929
5,6,Maharashtra,Pune,17512052860.50362,1086957.107352183,308434,57926,244434,6073,0,7224224.0,74.0493152983618,18.67467799689554
6,7,Andhra Pradesh,Srikakulam,6565447726.578529,732974.6554657237,40980,2337,38316,327,1,2699471.0,84.05396242341892,18.672962282247976
7,8,Andhra Pradesh,Visakhapatnam,12883992501.104122,1056722.1485516557,51680,2913,48308,459,1,4288113.0,82.74522241568215,17.918711980806574
8,9,Karnataka,Bidar,6048725116.620293,576381.4441949631,6640,396,6081,159,1,1703300.0,77.19843547523442,17.958030074020606
9,10,Karnataka,Kalaburagi,12077699812.133814,940252.8199506457,18182,2193,15699,290,1,2566326.0,76.86579375970146,17.28296265208521
10,11,Maharashtra,Sangli,9475626503.43782,990449.0649364956,41147,7091,32774,1282,1,2583524.0,74.76906783828603,17.1381583948924
11,12,Andhra Pradesh,Krishna,9576531627.085579,897633.0251466314,30311,2733,27097,481,0,4529009.0,80.71017566789243,16.621238168715962
12,13,Karnataka,Yadgir,5776520262.9722395,575750.2860645528,9259,1045,8158,56,2,1174271.0,76.90906960094374,16.580287601795604
13,14,Karnataka,Bagalkot,7147971190.345554,696275.6727955729,11288,671,10501,116,1,1889752,75.60680336540449,16.19591801698675
14,15,Andhra Pradesh,Guntur,12447167546.022331,840955.6083621639,58106,5178,52377,551,0,4889230.0,80.18140196810572,16.13501438345319
15,16,Andhra Pradesh,East Godavari,14316977386.78281,1019745.9346136716,103246,9051,93642,553,1,5151549.0,81.97386523575905,17.23203199914749
16,17,Andhra Pradesh,Prakasam,19113798621.070427,875962.5602974489,52411,4611,47294,506,1,3392764.0,79.57601987362338,15.570925531635345
17,18,Andhra Pradesh,Kurnool,19139870745.1592,947241.6209140336,57425,1623,55330,472,0,4046601.0,77.99182793475416,15.492646099145723
18,19,Karnataka,Gadag,5041393184.622803,587894.3612415643,9742,607,9000,135,1,1064570.0,75.67731943630146,15.499521844082913
19,20,Karnataka,Ballari,9132577172.894476,816596.2481057881,33763,2850,30428,485,1,2452595.0,76.55228565083279,15.126163257539131
20,21,Karnataka,Dharwad,4607790251.703926,488996.9464859017,18393,2630,15251,512,1,1847023.0,75.11955061204903,15.29161542041513
21,22,Goa,South Goa,2367914623.587218,328620.2765216249,3511,1978,1407,126,2,639962.0,74.0599055703454,15.247303782958111
22,23,Andhra Pradesh,Sri Potti Sri Ramulu Nellore,14177735248.66179,696336.729795786,55447,2275,52711,461,0,2966082.0,79.62756740213356,14.43841417487342
23,24,Karnataka,Chitradurga,9027409729.356993,701685.492824682,8842,1785,7019,38,2,1659456.0,76.60738264240723,14.194351069611209
24,25,Karnataka,Davanagere,6351903661.0805435,613890.3637227877,17537,1818,15476,243,2,1945497.0,75.8672242705165,14.350970302237979
25,26,Karnataka,Udupi,3806295226.7900853,386810.9689237111,18810,1955,16692,163,2,1177361.0,74.90176619358351,13.513519380149967
26,27,Karnataka,Chikballapur,4517226240.626249,510730.9365195221,8435,1484,6864,86,1,1255104.0,77.78375751958491,13.622711640753291
27,28,Karnataka,Hassan,7219958013.74999,673534.8668663462,20014,4220,15468,326,2,1776421.0,76.03273431643053,12.967485268562939
28,29,Karnataka,Kolar,4220912374.0624633,515279.4209428069,6659,1434,5122,103,2,1536401.0,78.17699647939963,13.117171374326036
29,30,Karnataka,Bengaluru Rural,2439791151.072402,507401.7201610936,11521,2092,9329,100,0,990923.0,77.6065109547789,13.192972950345888
30,31,Karnataka,Dakshina Kannada,5149142756.188378,500949.6269048604,25572,4390,20586,594,1,2089649.0,75.2928624379522,12.833535319045424
31,32,Karnataka,Bengaluru Urban,2326321010.4237924,342705.1072356318,267362,60197,203931,3233,0,9621551.0,77.61520788825732,12.939715049840354
32,33,Tamil Nadu,Vellore,6426510596.2267,812498.5048450809,15868,883,14724,261,0,3936331.0,78.9583851659468,12.793467673859928
33,34,Tamil Nadu,Chennai,187443431.53004903,78017.79729082737,178108,13283,161477,3348,0,4646732.0,80.28268960052137,13.095456627990131
34,35,Tamil Nadu,Kanchipuram,4740439780.944522,456820.9152612463,23120,880,21899,341,0,3998252.0,79.88785738662605,12.757680160063199
35,36,Kerala,Kasaragod,2078638107.8531718,382258.96549689927,13559,4343,9151,61,1,1302600.0,75.10781973687375,12.511623442280705
36,37,Tamil Nadu,Tiruvannamalai,6530116655.285573,733920.9013439559,16289,740,15309,240,1,2464875.0,79.15884705788054,12.427772363883639
37,38,Kerala,Wayanad,2240878255.4504037,292261.79688415496,4519,1142,3372,5,2,816558.0,76.14294071468669,11.696944065421526
38,39,Tamil Nadu,Erode,6275859637.315813,624960.5399084836,7837,1073,6668,96,1,2251744.0,77.3047002607666,11.440981789985823
39,40,Kerala,Kozhikode,2451415831.17842,298776.5651785823,26783,10218,16474,85,1,3089543.0,75.82915938001152,11.479059702168573
40,41,Tamil Nadu,Coimbatore,4908706723.1684675,553129.2812633485,35933,4764,30690,479,1,3458045.0,76.97052310768771,10.903978447781057
41,42,Tamil Nadu,Tiruvarur,2205896015.1796627,440655.7835980409,8099,683,7338,78,0,1264277.0,79.5262826066735,10.754306178402626
42,43,Kerala,Thrissur,3147925914.5556545,397475.6111184861,19144,8390,10689,59,1,3110327.0,76.36363568804619,10.465762246207287
43,44,Kerala,Idukki,4518943973.13705,570539.47508923,4628,1300,3321,5,1,1108974,77.03127475017229,9.74325332538412
44,45,Kerala,Ernakulam,3170928906.586809,412906.02835219045,25221,11698,13436,79,2,3279860.0,76.5898192319839,10.043754839442117
45,46,Tamil Nadu,Madurai,3846793645.6228476,559348.2379135479,17214,714,16105,395,0,3038252.0,78.03703598142519,9.938065866018745
46,47,Tamil Nadu,Theni,2971530529.2686725,348226.7174253666,15425,469,14773,183,1,1245899,77.48970161951593,9.987371371281183
47,48,Kerala,Alappuzha,1465198432.9431894,299423.69074025465,18459,5549,12849,53,1,2121943.0,76.50099807045122,9.370403047616287
48,49,Kerala,Kottayam,2282534811.725041,321896.9750139072,13807,4934,8845,28,0,1979384.0,76.74106402989332,9.548019976687483
49,50,Kerala,Pathanamthitta,2738525758.349063,406371.5876651089,9961,2946,7008,6,1,1195537.0,76.78408571987704,9.340757729927027
50,51,Tamil Nadu,Thoothukudi,4809175078.244572,528683.262103781,13916,507,13286,123,1,1750176.0,78.01257246178581,8.918768231592253
51,52,Kerala,Kollam,2564589639.875364,349910.2001201331,19581,8770,10737,70,1,2629703.0,76.8380824696663,8.962447706814418
52,53,Kerala,Thiruvananthapuram,2247285799.2792354,286375.49875221483,41938,11695,29917,291,1,3307284.0,77.01714991762097,8.60192396766601
53,54,Tamil Nadu,Kanniyakumari,1735249881.8434374,259327.4406314196,13504,828,12446,230,1,1870374.0,77.34129078392164,8.294303009931783
54,55,Andhra Pradesh,West Godavari,9213436318.34489,695451.1389353261,71917,5574,65877,466,1,3934782.0,81.28868470878416,17.020479930555517
55,56,Chhattisgarh,Dantewada,3668170654.7248244,527174.2103448,2926,616,2301,9,2,719065.0,81.40680555001018,18.882040873964062
56,57,Chhattisgarh,Kondagaon,5762083248.699779,505207.61286750133,1652,402,1240,10,2,578326.0,81.68456096464746,19.67734772734457
57,58,Chhattisgarh,Raipur,3362031460.407383,319408.7830479125,36235,9491,26276,468,0,2160876.0,81.80672218774933,21.240164101534585
58,59,Chhattisgarh,Durg,2657125882.9021287,374366.3428235219,12938,2418,10372,148,2,1721726.0,81.37685080688362,21.192572161453576
59,60,Maharashtra,Thane,4815896846.117864,474036.4927453579,198452,31770,161616,5065,0,8131849.0,73.29423160088305,19.30464829377256
60,61,Telangana,Adilabad,4522538570.187338,410127.8722632861,1783,1768,15,0,1,708972.0,78.57377572906489,19.545304270075945
61,62,Telangana,Karimnagar,2382569543.708867,316338.23162630026,9311,9295,16,0,1,1005711.0,79.1773166780813,18.396674892688115
62,63,Telangana,Khammam,5009281181.042455,648371.9508718593,6555,6552,3,0,1,1401639.0,80.41433924163972,17.11053723626525
63,64,Telangana,Mahabubnagar,2998842126.8481803,371679.3714739736,3432,3424,8,0,1,1486777.0,77.94058294248941,16.72249125301945
64,65,Telangana,Nalgonda,7910053778.563592,499066.3868769947,8165,8153,12,0,1,1618416.0,79.08612158406153,16.846619079843904
65,66,Odisha,Subarnapur,2723054908.501145,372435.8587093175,3476,487,2980,9,2,610183.0,83.80366317053132,20.94688967910267
66,67,Odisha,Cuttack,4415655480.4869175,679379.0232232617,22532,2277,20169,86,2,2624470.0,85.7386253060402,20.419959146305352
67,68,Odisha,Kandhamal,9143813608.39957,696490.5965381698,4972,389,4559,24,2,733110.0,84.00939665094788,20.026245769796347
68,69,Odisha,Khordha,3293100620.883161,696394.9347983672,42280,4835,37276,169,1,2251673,85.60309493317543,20.103107254873553
69,70,Odisha,Jagatsinghapur,1978904790.1792905,287538.00387400604,5867,612,5242,13,2,1136971,86.354159100848,20.224081775478574
70,71,Maharashtra,Ahmednagar,19276813052.036892,1461739.4257815396,47249,9177,37350,722,1,4088077.0,74.6389043225111,19.213242184540707
71,72,Maharashtra,Mumbai City,159725749.89086846,76521.2649582103,219961,26544,183742,9248,0,3326837.0,72.82575739024934,18.97203345854446
72,73,Goa,North Goa,1549627781.1652615,283353.0477886213,2668,1639,964,65,2,817761.0,73.94589544292315,15.590717796592118
73,74,Tamil Nadu,Perambalur,1826501327.1462,312770.4318363633,1951,97,1834,20,1,565223,78.89206475046696,11.250910801865501
74,75,Tamil Nadu,Tiruppur,5190013542.216722,680906.8881771283,9499,1156,8189,154,0,2479052.0,77.40372593844381,10.92861542949972
75,76,Telangana,Hyderabad,211377521.5989084,103800.6004700974,63283,62955,305,23,0,3943323.0,78.46506363661187,17.39481389860583
76,77,Telangana,Dharmapuri,3217130245.8741717,304021.4867592057,3947,3945,2,0,1,1506843.0,78.86021194810245,18.829978199405744
77,78,Telangana,Jangaon,2539364242.059119,313627.7973629322,2486,2485,1,0,1,566376.0,79.23915017456514,17.720267763481512
78,79,Telangana,Mancherial district,4411928858.118622,466705.62113031576,3445,3444,0,1,1,807037.0,79.49100999155144,19.03548232488522
79,80,Telangana,Medchalâ€“Malkajgiri,1189279046.0673516,225510.24157913146,12428,12418,9,1,0,2440073.0,78.5711240586586,17.53813444893136
80,81,Madhya Pradesh,Burhanpur,3744482872.283613,362667.29249548353,738,28,685,25,1,757847.0,76.3768876480457,21.330630880978404
81,82,Maharashtra,Wardha,7254509564.374716,542747.0572012535,5236,1676,3465,94,2,1230640.0,78.65494313037061,20.80065901972194
82,83,Maharashtra,Buldhana,11157982636.6539,807002.8239181949,8762,2966,5664,132,1,2232480.0,76.3751736405586,20.508350595754475
83,84,Gujarat,Valsad,3374803164.1078877,540727.0063777982,1201,43,1149,9,1,1703068.0,73.09985818483945,20.384127089469406
84,85,Maharashtra,Akola,6239547045.289639,655851.9525282528,7762,939,6576,246,0,1818617.0,77.08230050274364,20.742974147078183
85,86,Maharashtra,Gadchiroli,16494623501.424278,997944.535562728,2977,801,2159,17,2,970294.0,80.32495109668947,19.913030096262784
86,87,Maharashtra,Hingoli,5541291411.638645,582693.7322468663,3250,613,2573,64,1,987160.0,77.08238719300309,19.536485803894593
87,88,Andhra Pradesh,Vizianagaram,6907371103.989055,881094.0042453121,36587,2011,34354,222,2,2342868.0,83.39478170230848,18.51984093227281
88,89,Maharashtra,Latur,8034782818.265489,577198.4206296577,18715,3803,14380,532,1,2080285.0,76.86796809025797,18.386257109631682
89,90,Maharashtra,Solapur,16486706441.687159,1339132.9674875413,38683,5413,32045,1224,0,3849543.0,75.36534810386847,17.757307159761048
90,91,Maharashtra,Satara,11603435475.823185,742474.3772837473,40905,7984,31740,1179,0,2796906.0,74.16900287572419,17.690494844270546
91,92,Maharashtra,Ratnagiri,9133017792.75673,814996.5969054031,9008,1940,6772,296,1,1696777.0,73.40898751150948,17.244485461644253
92,93,Maharashtra,Kolhapur,8416073819.33511,981307.2035599528,45197,4828,38943,1426,1,3515413.0,74.15643861292897,16.406333621747002
93,94,Karnataka,Belagavi,14621548325.827318,1141904.84099023,20760,1507,18943,310,1,4779661.0,74.71597426853786,16.191472321815066
94,95,Karnataka,Raichur,9197327618.744982,570202.3925033353,12331,1222,10969,140,2,1928812.0,76.97455646441796,16.153176469592967
95,96,Karnataka,Koppal,6036242451.615291,564231.4076290581,12235,1218,10771,246,2,1389920.0,76.15648770759461,15.68733949333465
96,97,Karnataka,Uttara Kannada,11056813045.725864,807048.2201068203,10716,2084,8508,124,1,1437169.0,74.67150619556286,14.675383308660772
97,98,Karnataka,Haveri,5187074540.385383,487974.7723256697,9269,1209,7890,170,2,1597668.0,75.3177325205654,14.703241863528726
98,99,Andhra Pradesh,Anantapur,20526025007.407543,1472203.9793929881,59638,1472,57653,513,1,4083315.0,77.63816187616614,14.284748147144503
99,100,Karnataka,Shivamogga,9061860997.793972,775321.7368006762,18251,2871,15068,312,2,1752753.0,75.21538719908254,14.18473257697597
100,101,Karnataka,Chikkamagaluru,7660951117.320702,610999.503872837,10032,1444,8461,127,2,1137961.0,75.6441115122529,13.372996933137738
101,102,Karnataka,Kodagu,4331947102.649507,479561.5229269069,3345,684,2615,46,2,554519.0,75.79091241918461,12.456817125476949
102,103,Tamil Nadu,Dharmapuri,4729780489.44101,532518.1183093565,4382,724,3626,32,1,1506843.0,78.27264413161683,12.111795461748146
103,104,Karnataka,Chamarajanagar,5936966023.483511,604931.7016451247,4839,1061,3683,84,2,1020791.0,76.93202327415604,11.903323837347235
104,105,Tamil Nadu,Salem,5494393377.632179,704432.4470045271,22408,2306,19737,365,1,3482056.0,78.19933332651168,11.698614667045211
105,106,Kerala,Malappuram,3710886919.141331,409487.626369617,30126,7880,22149,90,1,4110956.0,76.13973589785142,11.055232347902518
106,107,Tamil Nadu,Tiruchirappalli,4689782068.379453,805262.2904773104,11149,696,10297,156,1,2722290.0,78.50669784084322,10.832286429088322
107,108,Kerala,Palakkad,4671519967.852761,551293.2725954339,15737,5944,9753,39,1,2810892.0,76.50821103623008,10.819853575601787
108,109,Tamil Nadu,Thanjavur,3560887891.271549,650915.1605407646,13108,1243,11670,195,0,2405890.0,79.28413530910852,10.66855063162539
109,110,Tamil Nadu,Karur,3028074368.4897914,469587.80215223966,3433,406,2986,41,1,1064493,78.05419474019833,10.795538759259383
110,111,Tamil Nadu,Tirunelveli,7067608691.612055,670561.9593060795,13300,750,12350,200,1,3077233,77.58083824954703,8.847509586138838
111,112,Odisha,Bhadrak,2875538132.293899,373396.9025406232,5765,618,5128,19,0,1506522.0,86.532610311396,21.007713207824427
112,113,Odisha,Dhenkanal,5127621846.400225,444270.1728864575,4230,498,3722,10,1,1192811.0,85.50108861361397,20.805943695141945
113,114,Odisha,Jajpur,3333571602.236064,481374.7944751212,9214,1061,8140,13,0,1827192.0,86.19313151452636,20.876363990340842
114,115,Odisha,Kalahandi,8979889302.839067,690909.0436732791,3839,692,3134,13,1,1576869.0,83.1468750410599,19.81133310569384
115,116,Odisha,Puri,3920155827.7516475,531908.4165947239,11063,1349,9646,68,2,1698730.0,85.7324419356122,19.99139216164301
116,117,Odisha,Koraput,9377159339.690668,846475.1544728405,6513,428,6073,12,1,1379647.0,82.81749390514584,18.757861736479992
117,118,Odisha,Malkangiri,6412819337.721957,530604.0391774832,4024,371,3638,15,2,613192,81.93978893666865,18.24077945671052
118,119,Tamil Nadu,Tiruvallur,3605372356.4216685,694276.2346342193,34154,1610,31971,573,0,3728104.0,79.78598410222651,13.214903139215775
119,120,Tamil Nadu,Krishnagiri,5412152710.845502,648984.072099149,5218,751,4392,75,2,1879809.0,78.13359108510413,12.466015899672907
120,121,Tamil Nadu,Nilgiris,2684597691.132262,336206.37423057057,5032,813,4190,29,1,735394.0,76.62668575869723,11.536072173390457
121,122,Tamil Nadu,Namakkal,3577824356.9545507,429903.70446090534,6669,1035,5548,86,0,1726601,78.1346145232251,11.316157325604818
122,123,Tamil Nadu,Ariyalur,2027040246.700736,264777.14121168863,4007,200,3764,43,1,754894,79.24538928584585,11.176062864734396
123,124,Tamil Nadu,Dindigul,6291036808.307407,651717.7842241195,9196,401,8624,171,1,2159775.0,77.79702455194261,10.385353802040884
124,125,Tamil Nadu,Virudhunagar,4390123296.860071,576490.5643378623,14702,222,14266,214,0,2105930.0,77.931497981852,9.478195343803637
125,126,Telangana,Kamareddy,4179644293.257032,505412.9679030082,4162,4154,8,0,1,972625.0,78.05352265848913,18.27863931891515
126,127,Telangana,Mahabubabad,3949569843.001125,398529.79555985046,3924,3923,1,0,2,774549.0,79.90642007788212,17.61134412100526
127,128,Telangana,Medak,3054477139.2295427,439601.2158161961,2434,2430,4,0,1,767428.0,78.18453920264844,17.92654675107324
128,129,Telangana,Nagarkurnool,6998868047.722541,564478.3121058594,2807,2805,2,0,2,893308.0,78.60285012674004,16.37785059029258
129,130,Maharashtra,Gondia,6121473322.223382,615679.2689970527,7815,1299,6426,90,2,1200151.0,80.18508056701926,21.084126772375395
130,131,Maharashtra,Bhandara,4647456193.15371,581460.477693959,6694,1880,4678,136,1,1135835.0,79.75665406871083,21.06600417348261
131,132,Chhattisgarh,Mahasamund,5500917504.988361,574717.8769857141,2826,576,2218,32,2,1032754.0,82.70246772719902,21.215803882630315
132,133,Odisha,Nuapada,4411778338.8136,460259.5444230784,3890,702,3187,1,2,610382.0,82.5761839727082,20.508758090108127
133,134,Odisha,Balangir,7493608488.22605,616441.5724692274,5068,772,4272,24,2,1648997.0,83.23023115050461,20.585337112326336
134,135,Odisha,Boudh,3562376030.061345,441865.8873616228,2083,221,1856,6,2,441162.0,84.18539354791487,20.59505867779338
135,136,Maharashtra,Washim,5868109475.209134,632834.774172664,4877,700,4081,95,2,1020216.0,77.20241203230586,20.272290299061797
136,137,Maharashtra,Jalna,8716776706.801744,741899.4840381739,8179,1444,6511,224,1,1612357.0,76.05836142730087,19.90021477598096
137,138,Odisha,Nayagarh,4445520218.4542,471128.6597791525,5233,458,4739,36,2,962789,85.05874115140188,20.201547249424042
138,139,Chhattisgarh,Kanker,8198092476.045771,701122.9040413385,2606,714,1876,16,2,651333.0,81.08356188357483,20.107281444709376
139,140,Odisha,Nabarangpur,6178672784.60974,602075.8723537291,4212,559,3644,9,2,1220946.0,82.31396646195174,19.578171805425892
140,141,Odisha,Rayagada,8277772382.5482645,854248.6731238427,7704,206,7459,39,2,967911,83.49800297564758,19.347417519196643
141,142,Chhattisgarh,Narayanpur,4406116940.257336,457517.0810222382,1480,223,1256,1,2,140206.0,81.10178754545521,19.542713943355427
142,143,Maharashtra,Parbhani,6913509062.634924,610305.4864523994,5919,1517,4182,220,1,1527715.0,76.68174374859952,19.238871329702523
143,144,Maharashtra,Beed,11916010933.54125,997856.6292452532,11514,2929,8264,321,1,3116045.0,75.67128881119972,18.971596753327002
144,145,Maharashtra,Osmanabad,8439278259.339445,839450.9745747484,13557,3016,10139,402,2,1486586.0,75.97707747234138,18.200351640250275
145,146,Maharashtra,Sindhudurg,5540548304.058039,708021.9887612975,4304,1053,3141,110,2,868825.0,73.73761673713392,16.191926314975507
146,147,Chhattisgarh,Bastar,6292335775.790525,571351.5272552399,4085,447,3616,22,2,1302253.0,81.84238620934518,19.09215777747219
147,148,Chhattisgarh,Gariaband,5539607763.940753,557152.7724140525,1729,216,1496,17,2,597653.0,82.29840476663767,20.31603655999076
148,149,Telangana,Mulugu,4771753878.787744,423591.5333304713,1563,1561,2,0,2,294671.0,80.33754294775918,18.293008109557356
149,150,Telangana,Jogulamba Gadwal,2801771861.2856045,290541.06600054185,2685,2659,25,1,1,609990.0,77.80667831223315,16.06698975409851
150,151,Telangana,Kumarambheem Asifabad,5046937510.7162895,499288.52570144966,1027,1025,2,0,1,515812.0,79.44153573161732,19.34565579791683
151,152,Telangana,Nizamabad,4718745405.008156,371937.740250921,6272,6242,30,0,1,1571022.0,78.22674363718407,18.715426411371624
152,153,Telangana,Siddipet,4031454932.274368,387584.4203428496,5458,5457,1,0,2,1012065.0,78.85662280258813,18.034283960720536
153,154,Telangana,Suryapet,3955376278.8738227,365322.8937875207,4809,4785,24,0,0,1099560.0,79.77394756151571,17.146841379975232
154,155,Telangana,Warangal Urban,1444769233.5838115,228086.03571223386,8242,8219,23,0,0,1080858.0,79.50168412832132,18.012949270815493
155,156,Maharashtra,Palghar,5869856430.102553,686896.9204743417,38900,6596,31378,926,0,2990116.0,72.88008336286957,19.798829144716116
156,157,Andhra Pradesh,Kadapa,16460401958.446556,830183.7898092655,46422,3125,42909,388,1,2884524.0,78.67921678158064,14.320176472865148
157,158,Karnataka,Tumakuru,11278737340.004906,1117442.066599646,15922,3225,12420,277,1,2678980.0,77.01030200745805,13.655026791532881
158,159,Andhra Pradesh,Chittoor,15959598523.765781,1325441.6906371894,67362,6610,60065,687,0,4170468.0,78.95658604866624,13.442437548516496
159,160,Karnataka,Mysuru,6643499898.630444,695017.7882667215,40232,7123,32257,852,0,3001127.0,76.55272203745159,12.213129220481537
160,161,Tamil Nadu,Viluppuram,7561319021.440522,920117.7771388072,12311,507,11704,100,1,3458873.0,79.37350844092543,11.988948049237267
161,162,Kerala,Kannur,3108325695.6614857,346881.9521736893,15388,5770,9555,60,0,2525637.0,75.5652037572061,11.952880341035558
162,163,Tamil Nadu,Pudukkottai,4848236278.170932,672917.2589948933,9711,619,8946,146,1,1618345.0,78.8719284759159,10.314609661059684
163,164,Tamil Nadu,Sivaganga,4249565620.5783477,787898.9393820339,5408,201,5085,122,1,1339101.0,78.59250937379522,9.98082639685028
164,165,Rajasthan,Churu,17984352448.773533,1186656.325664402,2061,191,1854,16,1,2041172.0,74.68237765211992,28.36290196846408
165,166,Haryana,Jhajjar,2372167627.7097816,363855.0862612462,2736,237,2471,28,1,956907.0,76.65345750005402,28.609103732330826
166,167,Uttar Pradesh,Bareilly,5352197818.607739,595732.6633885214,10970,1050,9774,146,0,3598701.0,79.42771231537266,28.524045774985787
167,168,Uttar Pradesh,Pilibhit,4890952064.519468,688990.0169170257,3562,143,3350,69,1,1643788.0,79.91597729692484,28.50779357309128
168,169,Delhi,West Delhi,174920314.6372091,87103.57715221729,122,122,0,0,0,2531583.0,77.04527931790817,28.658313616403785
169,170,Delhi,East Delhi,57149646.36206693,34869.90319976855,38,38,0,0,0,1707725.0,77.29320513817127,28.608880796018397
170,171,Delhi,Central Delhi,120270537.18838774,87017.1898657004,184,184,0,0,0,578671.0,77.21614091170923,28.70008390501273
171,172,Uttar Pradesh,Gautam Buddha Nagar,1834020474.7149594,359300.1371106025,14531,1548,12927,56,0,1191263.0,77.56041989927176,28.32793146782733
172,173,Uttar Pradesh,Lakhimpur Kheri,9921483672.626278,797058.5889118104,5919,870,4991,58,2,3200137.0,80.52279250422816,27.989061507152414
173,174,Haryana,Gurugram,1619861258.2143002,280990.9643691145,22675,2299,20195,181,1,1514085.0,76.95907903927333,28.34824565456994
174,175,Haryana,Faridabad,992041646.4242604,186888.07089012122,21034,937,19867,230,0,1798954.0,77.3756129360312,28.341247995439428
175,176,Haryana,Rewari,2019357118.4085464,326076.68083150266,6169,486,5650,33,2,896129.0,76.55326756549239,28.235314483104457
176,177,Haryana,Nuh,1937247577.6355238,389434.8801122229,1189,78,1087,24,1,1089406.0,77.06514454827587,27.979556553678897
177,178,Rajasthan,Sikar,9868630602.070488,831427.683047515,4469,242,4189,38,1,2677737.0,75.38169351457796,27.640353416291966
178,179,Rajasthan,Alwar,10733421871.212635,1025892.9847022169,11983,545,11392,46,1,3671999.0,76.66154410785141,27.59594330647862
179,180,Assam,Dibrugarh,4301699934.935251,509783.045903276,9486,7001,2409,76,2,1327748.0,95.15399254539835,27.293351567063905
180,181,Uttar Pradesh,Aligarh,4772192402.981071,575171.0207400075,8717,620,8058,39,0,3690388.0,78.00717427684438,27.951360815045582
181,182,Rajasthan,Jaipur,14082380055.294012,969634.1558595364,24571,9213,15029,329,0,6663971.0,75.80211798677774,27.052155883645803
182,183,Rajasthan,Jodhpur,28556964765.73136,1185635.3166035241,22501,4963,17387,151,0,3685681.0,72.91983440538627,26.680927019870186
183,184,Rajasthan,Bharatpur,6430485431.223785,836600.5301115492,4618,196,4338,84,0,2549121.0,77.2732772552523,27.31751608156793
184,185,Rajasthan,Nagaur,22535989323.918262,1097482.1791440044,3865,74,3742,49,0,3309234.0,74.1667221723006,27.089622088370998
185,186,Uttar Pradesh,Farrukhabad,2779411957.5624237,394065.3000807167,3440,864,2531,45,2,1577237.0,79.46306457103965,27.407704184657078
186,188,Bihar,West Champaran,6627885981.716919,545933.7884607676,5087,292,4779,16,2,3935042.0,84.31333167751191,26.99499268098723
187,189,Uttar Pradesh,Siddharthnagar,3680721806.7233796,477085.7260257534,3325,311,2977,37,2,2038598.0,82.75796739504456,27.229158670076338
188,190,Uttar Pradesh,Maharajganj,3737070034.148085,461447.21685151453,4935,356,4502,77,2,2167041.0,83.48534480855525,27.1280429233966
189,191,Assam,Sonitpur,4338227996.143073,356664.9528848081,2548,814,1727,7,2,1925975.0,92.64776951661787,26.672508702209065
190,192,West Bengal,Darjeeling,2563481713.894229,371183.79848770227,8634,803,7716,115,0,1797422.0,88.29893113582769,26.787423788475408
191,193,Rajasthan,Dausa,4310939215.760389,588423.2637127751,1179,120,1049,10,1,1637226.0,76.56121930727907,26.87757591886086
192,194,Uttar Pradesh,Lucknow,3190762851.6413627,424088.0993980296,56656,5489,50412,755,0,3681416.0,80.8564314245124,26.839572196403136
193,195,Uttar Pradesh,Basti,3511407052.7310147,425200.6924988239,3910,424,3411,75,1,2068922.0,82.71138604327685,26.922566627593774
194,196,Uttar Pradesh,Gorakhpur,4185732452.8429604,627008.3440429362,16728,1805,14653,270,1,3784720.0,83.37684370613015,26.73066524504652
195,197,Assam,Nagaon,3223842941.791866,678381.1226578003,4515,1993,2506,16,2,2826007.0,92.89760527472676,26.385717150645373
196,198,Bihar,East Champaran,4986852498.411746,539281.1510061279,6929,460,6432,37,1,5099371.0,84.98926653998946,26.62664426038538
197,199,Rajasthan,Barmer,35136853798.78998,1191299.4491512126,2924,170,2724,30,1,2604453.0,71.77553728208315,25.825870656129695
198,200,Assam,Morigaon,1887138455.0252407,252250.56956293434,638,74,557,7,1,957853.0,92.26421620587551,26.236167679365227
199,201,Assam,Kamrup,3864430066.3477774,594730.9971162375,4590,2491,2074,25,2,1517202.0,91.50091203690094,26.12871276723272
200,202,Assam,Bongaigaon,1360853222.4183092,328460.29013080115,1303,464,834,5,2,2060550.0,90.61196519347858,26.384779543346806
201,203,Bihar,Sitamarhi,2752071144.151701,434022.60933503724,3498,50,3437,11,2,3423574.0,85.56040263332274,26.484378622207956
202,204,Telangana,Nirmal,4182807464.906079,495593.7599904072,1687,1674,13,0,1,709418.0,78.34858295055648,19.098197271860855
203,205,Telangana,Peddapalli,2476749597.6441393,255006.31835269555,3971,3970,1,0,2,795332.0,79.45577695208367,18.66029663184073
204,206,Telangana,Ranga Reddy,5501801650.225718,571591.7709605427,17196,17177,17,2,0,2446265.0,78.42457236427433,17.165166224397137
205,207,Telangana,Sangareddy,4920613914.82014,665846.3338725647,5561,5555,6,0,1,1527628.0,77.92323929850863,17.816618645726454
206,208,Telangana,Vikarabad,3991079844.3195953,437734.99467631103,1484,1468,15,1,0,927140.0,77.75288876570887,17.284825582569894
207,209,West Bengal,South 24 Parganas,8796819511.087929,2860637.1803000523,19083,1773,16954,356,0,8153176.0,88.55730101146696,21.95483562025565
208,210,Andaman and Nicobar Islands,South Andaman,2453221236.884097,1495688.9408125773,51,19,32,0,0,237586.0,92.7502641245009,11.801903383592176
209,211,Puducherry,Puducherry,313881167.6454413,358922.1788439868,25315,3804,21050,461,1,950289,79.72296053972197,11.907349296266686
210,212,Tamil Nadu,Nagapattinam,2864209330.612114,567672.7550341618,5661,484,5090,87,1,1616450,79.70994126266882,10.81755005286665
211,213,Telangana,Bhadradri Kothagudem,7782915649.069736,658280.1078633487,4532,4528,4,0,2,1069261.0,80.78077354568016,17.64584901551283
212,214,Uttar Pradesh,Agra,5120163426.121964,897245.9912853439,6175,534,5511,130,0,4418800.0,78.03602741401185,27.01546748529471
213,215,West Bengal,Jalpaiguri,4274422477.8386455,501976.3362746986,6714,721,5928,65,0,3872846,88.7251591549018,26.56052965388472
214,216,Gujarat,Amreli,8565093316.487331,804821.2356155119,2362,460,1877,25,2,1513614.0,71.25772318271784,21.35834538883432
215,217,Karnataka,Mandya,5242737410.344157,561555.2835442771,12844,1754,10973,117,1,1805769.0,76.86126355483023,12.559231241196729
216,218,Chhattisgarh,Balod,3871641746.1003904,452862.7740064772,2837,665,2164,8,2,826165.0,81.17161477428733,20.752157219809835
217,219,Uttar Pradesh,Amroha,2824405492.2251105,397787.00150374963,3058,465,2552,41,0,1499193.0,78.39770836030706,28.83731769911601
218,220,Arunachal Pradesh,Upper Subansiri,8288549159.438012,544536.6356402646,309,97,212,0,2,83205.0,94.02017103856956,28.08727694930092
219,221,Uttar Pradesh,Hapur District,1457787663.4208732,285781.9668042673,2902,299,2551,52,1,1338211.0,77.84640141450971,28.710442876133847
220,222,Delhi,North Delhi,374781983.9634168,124517.06027887155,60,60,0,0,0,883418.0,77.11686251981567,28.82134348800418
221,223,Uttar Pradesh,Bulandshahr,4564836503.335051,441966.0025642322,3946,448,3433,65,0,3499171,78.086378894492,28.311378484808444
222,224,Delhi,South West Delhi,365433875.1443952,127028.15476816967,42,42,0,0,0,2292363.0,76.97351860443496,28.58491708053097
223,225,Delhi,South Delhi,211694293.4170476,77287.33452284013,70,70,0,0,0,2733752.0,77.1738516634479,28.47781502874503
224,226,Rajasthan,Jhunjhunu,7630806236.438834,592547.8330804027,1976,242,1720,14,1,2139658.0,75.66393422273873,28.122129229799075
225,227,Assam,Tinsukia,4869285319.348788,487726.0680130487,3366,1543,1798,25,2,1316948.0,95.6328782156778,27.498210051044925
226,228,Haryana,Mahendragarh,2496980940.888768,456929.2096551946,3767,386,3374,7,2,921680.0,76.10331856937329,28.126514631256434
227,229,Uttar Pradesh,Budaun,5487316154.868203,519381.2904798229,2873,147,2687,39,1,3681896,78.98234236005072,28.210864078088786
228,230,Rajasthan,Jaisalmer,48677585734.19594,1320649.530893054,956,154,791,11,1,672008.0,71.31152756519148,26.85826327217726
229,231,Uttar Pradesh,Bahraich,6336130557.554482,671433.9449442961,3257,237,2960,60,1,2384239.0,81.59807516092812,27.560503842248178
230,232,Uttar Pradesh,Shahjahanpur,5551844251.198275,802613.6259118363,5892,378,5431,83,2,2549458.0,79.9007953459751,27.99850566571384
231,233,Haryana,Palwal,1733072960.5210962,248223.9044937098,2817,97,2701,19,1,1042708,77.36319432188792,28.072493836640273
232,234,Arunachal Pradesh,Changlang,6401658097.342791,675151.5477695336,900,158,740,2,2,147951.0,96.3080348516603,27.287192493321797
233,235,Arunachal Pradesh,Tawang,3016230295.377064,326814.44938792696,320,48,271,1,2,49950.0,91.91814285115116,27.690620185046892
234,236,Arunachal Pradesh,Papum Pare,4797625772.120491,481660.0384214122,4972,1506,3457,9,2,176385.0,93.50533341297614,27.2561771511032
235,237,Uttar Pradesh,Kasganj,2511903769.9996405,372486.755655304,1401,168,1230,3,1,1438156.0,78.79788960794906,27.74333510567797
236,238,Uttar Pradesh,Mathura,4271840628.726773,468130.1570038922,4277,459,3725,93,0,2069578.0,77.67080026118285,27.58608291435864
237,239,Assam,Lakhimpur,3803107989.049017,426714.7845396745,3006,1854,1135,17,2,1040644.0,94.10817590633303,27.141485841611317
238,240,Uttar Pradesh,Shrawasti,2472143701.6625714,348216.296673218,1039,83,944,12,1,1117361,81.90413485625596,27.670395104742155
239,241,Uttar Pradesh,Sitapur,7326370881.956299,621651.3888683226,3754,306,3399,49,1,3616510.0,80.86387230205982,27.517571003023864
240,242,Uttar Pradesh,Hathras,2277400240.7152405,401881.8756257218,1028,47,974,7,2,1333372.0,78.10374486341503,27.564966703286522
241,243,Uttar Pradesh,Etah,3092733353.62025,568703.60962742,1861,229,1615,17,1,2788274.0,78.7575138446872,27.49133753444736
242,244,Uttar Pradesh,Hardoi,7617324038.718709,666720.7686754572,4821,399,4341,81,1,3397414.0,80.24917131397616,27.303450064712177
243,245,Assam,Sivasagar,1987497935.8950653,309064.0560069597,529,32,473,24,2,1150253.0,94.67001774355448,26.948267156731355
244,247,Assam,Jorhat,2576738021.283805,395207.9125973393,8671,6885,1752,34,2,1091295.0,94.27669973393256,26.645859529009964
245,249,Uttar Pradesh,Firozabad,3070406016.7163672,446768.03778944025,2786,194,2534,58,0,2045737.0,78.52880484137863,27.169405461312845
246,250,Uttar Pradesh,Mainpuri,3473523592.061265,431528.82776953775,2852,181,2623,48,1,1592875.0,79.02185281708468,27.181892525904058
247,251,Uttar Pradesh,Gonda,5042177109.779589,588194.6941434675,4020,360,3613,47,1,2765754.0,82.14113350649146,27.15757091020161
248,252,Assam,Golaghat,4415103605.567828,696715.3265050518,3803,2121,1656,26,2,1058674.0,93.82487382481258,26.448144336859517
249,253,Uttar Pradesh,Barabanki,4857939175.077639,560405.5554302951,6535,443,6021,71,2,2673394.0,81.30132945993856,26.960958275318756
250,254,Uttar Pradesh,Kushinagar,3627731476.071086,523323.7329257588,4981,351,4581,49,2,2923290.0,83.87752900391818,26.870051768232187
251,255,Nagaland,Mokokchung,2012601152.2058094,350894.28287707036,55,11,44,0,2,194622.0,94.51626046406386,26.443263669654833
252,256,Assam,Udalguri,2536327317.411821,488761.7359520272,758,86,666,6,2,832769.0,91.95489408297634,26.623707703103314
253,257,Assam,Chirang,2421100450.315153,316624.72083791124,280,56,219,5,2,481818.0,90.62276100003638,26.60836144061289
254,258,Uttar Pradesh,Sant Kabir Nagar,2067959782.8262188,448483.99092021055,2730,186,2505,39,0,1714300.0,83.03119056668329,26.798957107326974
255,259,Rajasthan,Karauli,6296818213.184202,597467.8218386432,1005,169,823,13,1,1458459.0,76.90407536651352,26.47898300279336
256,260,Uttar Pradesh,Unnao,5738751293.0517645,611943.8069409297,3654,552,3032,70,1,2700426.0,80.65006867682446,26.66300531961502
257,261,Assam,Darrang,1983220440.94814,420435.56624237524,1967,219,1730,18,2,908090.0,91.9518141366804,26.463095956154827
258,262,Rajasthan,Dholpur,3813713175.513125,454744.6014859554,3102,147,2929,26,1,1207293.0,77.72389578488799,26.69692321157788
259,263,Nagaland,Tuensang,2694881513.565613,322045.05247006874,113,31,82,0,2,196596.0,94.74961300644546,26.228058410047485
260,264,Uttar Pradesh,Kanpur Nagar,3753037918.3320327,525784.4538132536,26338,2903,22740,695,0,4137489.0,80.2034457882526,26.374914860332364
261,265,Uttar Pradesh,Auraiya,2537270401.049292,318909.1425644702,2456,244,2179,33,1,1179496.0,79.45441716669488,26.66382543279975
262,266,Assam,Barpeta,2848021914.963253,470876.8601500982,1121,90,1024,7,2,1693190.0,91.0597975910367,26.426295581556538
263,267,Madhya Pradesh,Morena,6242471206.892191,718898.6693126386,2646,83,2540,23,1,1965970.0,77.91791247463881,26.35396171594089
264,268,Uttar Pradesh,Faizabad,3379964270.550798,421103.51760057604,6450,728,5642,80,1,2087914.0,82.0105170636641,26.598849339069446
265,269,Assam,Nalbari,1309160721.6949556,264815.4046205407,948,106,828,14,2,769919.0,91.38396015560443,26.40551529671386
266,270,Uttar Pradesh,Kanpur Dehat,3954448264.680868,423040.33343662607,1767,333,1409,25,2,1584037.0,79.92203320863317,26.47621991137587
267,271,Madhya Pradesh,Bhind,5589049795.640727,664122.798794014,983,24,952,7,2,1703005.0,78.70224312493178,26.32414257907924
268,272,Rajasthan,Sawai Madhopur,6264683387.162876,653444.5636158246,971,113,839,19,1,1338114.0,76.4647624047716,26.255266693276006
269,273,Uttar Pradesh,Deoria,3175395975.7430296,450039.92004760576,5832,269,5489,74,2,2730376.0,83.80259599539147,26.47653245157798
270,274,Rajasthan,Tonk,8976418852.367445,783583.5379092725,1423,112,1289,22,1,1421711.0,75.8012125727681,26.093462532781167
271,275,Telangana,Rajanna Sircilla,1999491599.559264,240821.7976270431,3456,3454,2,0,1,552037.0,78.76000070324176,18.406868456589983
272,276,Telangana,Warangal Rural,2315978458.624556,335776.7811030367,2399,2399,0,0,2,718537.0,79.73754210192824,17.913541409753766
273,277,Telangana,Yadadri Bhuvanagiri,3603074633.884839,402713.5013987243,2602,2602,0,0,2,739448.0,78.97439985973445,17.474267969895887
274,278,Odisha,Kendrapara,2903080269.118953,418810.09756871726,6000,1073,4913,14,1,1440361,86.56247735393131,20.580759032743664
275,279,Dadra and Nagar Haveli and Daman and Diu,Dadra and Nagar Haveli,565676122.8722451,247012.1311687068,1516,55,1455,1,2,343709,73.03147417307648,20.197844003157506
276,280,Odisha,Ganjam,9497554046.42722,735689.0810504011,20505,192,20084,229,2,3529031.0,84.55787336709082,19.559439064587778
277,281,Tamil Nadu,Cuddalore,3895254756.8361344,552674.5279884376,21281,1225,19812,244,1,2605914.0,79.48374188005785,11.589984737988795
278,282,Tamil Nadu,Ramanathapuram,4418487780.590079,844671.2303368191,5678,156,5402,120,1,1353445.0,78.83704073913071,9.41581124471154
279,283,Delhi,North East Delhi,44876678.15913832,45699.26411873613,25,25,0,0,0,2240749.0,77.24901596053719,28.7321498067055
280,284,Delhi,New Delhi,204409942.47356653,87850.726672744,37,37,0,0,0,133713.0,77.16538669015333,28.555873497978276
281,285,Telangana,Wanaparthy,2370928424.6536183,330336.5522920903,2480,2480,0,0,2,577758.0,78.07339001390804,16.31002298703722
282,286,Odisha,Angul,7357267874.264158,660315.540582062,5203,1054,4141,8,2,1273821.0,85.00055168436059,21.134576277021452
283,287,Gujarat,Dang,2027019849.495001,293789.1150318924,108,3,105,0,1,226769.0,73.70836385517536,20.813164506767023
284,288,Chhattisgarh,Dhamtari,4685017060.78639,470530.9870896529,2890,271,2608,11,2,799781,81.72483653122971,20.64447382775948
285,289,Odisha,Gajapati,4647876780.515438,548454.9236930496,3677,68,3585,24,2,577817.0,84.16789721040247,19.11495812178502
286,290,Andaman and Nicobar Islands,North and Middle Andaman,3486125843.9065704,2694024.380279899,1,0,1,0,2,105597,92.85849100514163,12.811750503098436
287,291,Karnataka,Ramanagara,3713268497.3370094,476884.5795326601,5978,879,5043,56,2,1082636.0,77.31456749345291,12.689885912172107
288,292,Andaman and Nicobar Islands,Nicobars,1719339557.2039232,898607.7335860321,0,0,0,0,2,36819.0,93.57295913527,7.769147100945876
289,293,Arunachal Pradesh,Anjaw,8393805762.554352,466057.050852009,153,44,109,0,2,21089.0,96.9540812527156,27.927319874635874
290,294,Assam,Dhemaji,3172927522.178113,459070.9957074814,765,319,440,6,2,688077.0,94.60295296873916,27.533857296779264
291,296,Arunachal Pradesh,Tirap,1375923044.6464446,193458.46173709078,366,93,273,0,2,111997.0,95.53711234028263,27.123468614747583
292,297,Nagaland,Mon,2691191894.725689,344579.9123397875,420,80,331,2,2,250260.0,95.00142670914349,26.724560503954176
293,298,Nagaland,Longleng,695054389.9682858,201886.9246677215,13,1,6,0,2,50484.0,94.79633823567525,26.629306649995915
294,299,Uttar Pradesh,Kannauj,2643850176.169274,354725.64992213936,2593,157,2401,35,1,1385227.0,79.6288294578288,27.024208660345984
295,300,Assam,Baksa,3055675975.6668863,556608.5567904782,687,234,447,6,2,953773.0,91.45394024515343,26.582656240731595
296,301,Assam,Kokrajhar,3924564841.0196633,448699.75580354093,408,45,353,10,2,930404.0,90.13477384621332,26.391612302034346
297,302,Uttar Pradesh,Etawah,2930559816.3104672,373560.1782550947,4306,397,3844,65,1,1340031.0,79.04872108761789,26.745852283709482
298,303,Uttar Pradesh,Sultanpur,3061952688.7079983,484637.9334803056,3429,301,3071,57,1,3190926.0,82.30666070416895,26.252519612736965
299,304,Rajasthan,Pali,15317415844.09089,989284.2022642428,6188,228,5892,68,1,2038533.0,73.55674218308384,25.739610307220328
300,305,Assam,Kamrup Metropolitan,1234915744.82653,246445.6275218507,44953,30252,14599,102,2,1260419.0,91.9247221484109,26.104520760266393
301,306,Uttar Pradesh,Azamgarh,5243196777.111924,566916.898040398,4824,487,4262,75,1,3950808.0,83.04910814249045,26.029785446885327
302,307,Madhya Pradesh,Gwalior,5676052566.116476,445864.1208398657,11011,1110,9763,138,0,2032036.0,78.19113360170455,26.090876221968898
303,308,Uttar Pradesh,Ballia,3711648438.878218,494826.34894406406,6186,495,5608,83,2,2752412.0,84.01827529172752,25.864251950858655
304,309,Bihar,Samastipur,3327007888.4556856,509972.373216649,4324,236,4059,29,2,4261566.0,85.94962040625802,25.795089526886798
305,310,Rajasthan,Bundi,7090132671.376175,549568.8380753901,1275,94,1173,8,2,1113725.0,75.83275013536496,25.510836809432405
306,311,Bihar,Katihar,3747668228.128681,539345.305757986,5898,288,5599,11,2,3071029.0,87.72460197353844,25.607946354035505
307,312,Rajasthan,Kota,6268232539.257074,720174.3880759992,9385,795,8485,105,0,1950491.0,76.13580469793926,25.13296442629546
308,313,Uttar Pradesh,Allahabad,6725851139.946601,654740.5978264826,20676,1860,18523,293,1,5954391,81.89469678480894,25.36559223041493
309,314,Uttar Pradesh,Varanasi,1886363783.8684914,332266.4118065573,15241,1824,13134,283,0,3147927.0,82.84739523829684,25.375098335015583
310,315,Bihar,Darbhanga,3122477728.993326,538304.353963031,3307,184,3103,20,1,3937385.0,86.04053748940048,26.108796174575023
311,316,Rajasthan,Baran,8545512170.506942,710410.6662519809,1345,88,1232,25,2,1223921.0,76.79779788849142,24.98632878954058
312,317,Rajasthan,Udaipur,14185448231.286526,977939.8015257858,5244,429,4763,52,1,3067549.0,73.7157174934269,24.413827723815533
313,318,Madhya Pradesh,Rewa,7667079351.766853,734727.122142378,1850,213,1609,28,2,2365106.0,81.6054850965435,24.793017317833677
314,319,Bihar,Nawada,3038175714.8171463,424076.0179839664,2907,313,2578,16,1,2219146.0,85.59505992740111,24.822109276304825
315,320,Bihar,Gaya,6046023704.855162,689330.1687076122,5968,342,5581,45,0,4391418.0,84.86503181792558,24.64330732636434
316,321,Rajasthan,Jhalawar,7671896680.544251,843050.0974095088,2491,107,2373,11,0,1411327.0,76.08156965346726,24.264970787088714
317,322,Jharkhand,Pakur,2201687060.190328,374810.33974036854,794,122,670,2,2,900422.0,87.6880206623997,24.580971322855348
318,323,Madhya Pradesh,Mandsaur,6705957016.067888,622770.1962190797,1603,122,1464,17,1,1340411.0,75.49260755940755,24.215230762731135
319,324,Bihar,Munger,1731195118.2014682,300961.16112487373,3164,234,2894,36,0,1367765.0,86.57798859698103,25.168105246816502
320,325,Mizoram,Aizawl,4222505406.465653,482422.5801033479,1394,72,1322,0,2,339812.0,93.00205372118829,24.148584709021087
321,326,Jharkhand,Deoghar,3004783119.310226,347764.3856877725,2672,153,2504,15,1,1492073.0,86.7537638655843,24.289013634698218
322,327,Jharkhand,Palamu,5302082127.995914,529854.8997608492,2841,122,2708,11,2,1939869.0,84.22216221838897,24.199108614530598
323,328,Jharkhand,Chatra,4492830790.296565,584303.6718379171,1229,126,1095,8,2,1042886.0,84.97544284904433,24.140638327987226
324,329,Tripura,Sipahijala,1246303510.7750845,284706.4479981593,2613,109,2480,24,2,"484,233",91.34943166905437,23.58293008581928
325,330,Madhya Pradesh,Vidisha,8774035044.529922,753938.4526352047,1795,171,1588,36,1,1458875.0,77.82870107944822,23.793650914425175
326,331,Gujarat,Mehsana,5254775133.563046,666350.3463748295,3081,847,2204,30,1,2027727.0,72.3951993958405,23.534454173670053
327,332,Rajasthan,Dungarpur,4544680098.7954855,426564.47565984033,2070,214,1839,17,1,1388906.0,73.83607125076696,23.71915670379406
328,333,Jharkhand,Dhanbad,2450499151.549298,250339.4985537928,5429,527,4835,67,1,2684487.0,86.35075911875798,23.887037627873852
329,334,Jharkhand,Bokaro,3457778569.119748,474606.5816593964,4372,444,3896,32,1,2062330.0,86.00254887551003,23.691095311342863
330,335,Jharkhand,Ramgarh,1669212116.6097546,369989.77155408944,3656,164,3471,21,2,949443.0,85.56611229942257,23.648194918269446
331,336,Madhya Pradesh,Bhopal,3304232243.401012,421420.42314211023,18931,1974,16543,414,0,2371061.0,77.3795486279923,23.485197922532667
332,337,Madhya Pradesh,Ujjain,7267950421.761548,802691.5888569424,3102,245,2761,96,0,1986864.0,75.68398787632982,23.293461177853217
333,338,Gujarat,Ahmedabad,8236691019.453779,987619.2593920024,38381,3614,32929,1838,0,7045313.0,72.23928414741097,22.84623274459388
334,339,Jharkhand,Ranchi,5967320594.3098545,703461.6994728914,21414,2993,18286,135,0,2914253.0,85.35986849192754,23.28294950910655
335,340,West Bengal,Hooghly,3714098917.792247,558737.2926168065,14110,1388,12473,249,1,5520389.0,87.97711050131153,22.877455327579977
336,341,Madhya Pradesh,Indore,4616757364.14656,554842.6359715828,27289,4554,22127,608,0,3276697.0,75.83316391376206,22.711411463941182
337,342,Jharkhand,East Singhbhum,4198777068.231749,464467.86166929064,14859,1619,12927,313,2,2293919.0,86.49379263103972,22.56852088512721
338,343,Gujarat,Vadodara,4754400411.248236,529100.5435590632,13107,2132,10780,195,0,3093795.0,73.3291279941019,22.248945128053922
339,344,West Bengal,Howrah,1706318210.0707762,276714.14778507396,19881,1367,17908,606,0,4850029.0,88.07746193106513,22.643576863506908
340,345,Madhya Pradesh,West Nimar,9364767926.210121,745375.1040203101,3482,233,3201,48,1,1873046.0,75.78182643571868,21.968101401322716
341,346,Gujarat,Bharuch,5944309840.157407,660798.3292784069,2439,253,2171,15,1,1550822.0,73.07929156373964,21.722781016220054
342,347,Chhattisgarh,Janjgir - Champa,4510304490.867512,423964.06338249607,6131,1655,4439,37,2,1619707,82.79845127216429,21.98275169437934
343,348,Maharashtra,Amravati,14117651666.385098,1014017.1548751077,14769,1921,12543,305,1,2606063.0,77.6210371058548,21.18681845362776
344,349,Gujarat,Surat,4976610389.321245,573579.2934618569,31402,2497,28113,792,0,6079231.0,73.19328663944454,21.186490817245982
345,350,Maharashtra,Nagpur,11434507540.8136,700271.5075508542,84124,10862,71011,2241,0,4051444.0,79.08168326054698,21.151587188740077
346,351,Jharkhand,Koderma,1997641301.598625,347205.77587583405,3084,273,2786,25,1,716259.0,85.69082862246428,24.51918980237565
347,352,Jharkhand,Hazaribagh,5296253039.917987,735356.9978104165,3724,465,3234,25,1,1734495.0,85.39697538743455,24.095206576731005
348,353,Bihar,Begusarai,2368298000.2271147,407076.5870919663,6516,181,6310,25,1,2970541.0,86.1124282545381,25.53640446068315
349,354,Bihar,Bhagalpur,3137049329.8548303,438021.38081028155,7666,320,7284,62,1,3037766.0,87.05686316857968,25.25824823863266
350,355,Bihar,Patna,3956207469.320617,638732.1028369832,29943,2346,27373,224,0,5838465.0,85.25425523176119,25.405383234280038
351,356,Bihar,Saran,3326626621.432961,386203.7906077221,5678,238,5407,33,1,3951862.0,84.80517565166724,25.869907866960673
352,357,Bihar,Siwan,2760389743.72819,350034.4373645071,3844,271,3554,19,1,3330464.0,84.37181964752418,26.194378127251657
353,358,Bihar,Muzaffarpur,3961579374.1351476,482381.0577459018,8691,491,8168,32,2,4801062.0,85.39178375711906,26.212653610665537
354,359,Bihar,Madhepura,2229308523.872256,383561.11342272203,3609,370,3230,9,1,2001762.0,86.9172396573463,25.750307727946662
355,360,Bihar,Supaul,3019409959.293661,421098.0122031675,4447,314,4124,9,2,2229076.0,86.75124538716857,26.28303655126517
356,361,Bihar,Madhubani,4381816450.101924,540900.2722376181,6454,331,6105,18,1,4487379.0,86.210821448227,26.374085282497234
357,362,Chhattisgarh,Surajpur,6505616268.170148,655438.8454635928,2031,449,1570,12,2,660280.0,82.84120611462899,23.422715133314195
358,363,Chhattisgarh,Baloda Bazar,5424355189.725379,532761.2176611135,3583,270,3291,22,2,1305343.0,82.35107203658815,21.52430109100466
359,364,Chhattisgarh,Surguja,4746673276.615446,493205.3626189258,3062,745,2291,26,2,840352.0,83.29950797768981,22.948437322634522
360,365,Uttar Pradesh,Ghaziabad,1190187235.9113724,252346.7094265196,15771,1663,14028,80,1,3289540.0,77.4840359824402,28.744180875050304
361,366,Tripura,West Tripura,1130627355.9898055,201636.3445843175,9940,1331,8436,162,2,1725739,91.38234466128822,23.899184295555063
362,367,Delhi,South East Delhi,132151569.80145252,60225.19098632053,130,130,0,0,0,637775.0,77.28990257206472,28.548170168546704
363,368,Rajasthan,Ajmer,10597864235.05066,941869.0821893816,7639,308,7219,112,0,2584913.0,74.73431272390508,26.168627007105524
364,369,Madhya Pradesh,Chhatarpur,10572274420.112478,1114683.3800879018,1323,107,1190,26,2,1762375.0,79.572670150255,24.764120910175276
365,370,Gujarat,Sabarkantha,4971782194.26034,641132.5438893092,1212,272,929,11,1,1388671.0,73.06668727414339,23.821604364557793
366,371,Gujarat,Kutch,50180419583.61116,2139246.581708469,2319,768,1518,33,1,2090313.0,70.37264616363119,23.371597614837665
367,372,Gujarat,Rajkot,8883419584.26461,1034893.12242175,10413,1213,9054,146,1,3015229.0,70.76956544067815,22.095360244486567
368,373,Gujarat,Kheda,4012508511.9138923,518923.7910013584,1360,73,1272,15,1,12053769.0,72.94500095404575,22.846115253246506
369,374,Gujarat,Bhavnagar,7965461688.0821905,689485.4473749922,4414,293,4054,67,0,2393272.0,71.93583324849841,21.50085071149696
370,375,Bihar,Kishanganj,2474760065.604127,465481.325628301,3240,190,3040,10,2,1690400.0,87.9734349372457,26.24822864202541
371,376,Gujarat,Jamnagar,7758915524.758158,1181420.5191105432,6815,370,6410,35,1,1407635.0,70.2189669019777,22.48591994502515
372,377,Ladakh,Leh,231679278920.1241,3910258.2475101473,3073,953,2094,26,1,147104.0,76.94013609937005,34.43995854720253
373,378,Jammu and Kashmir,Anantnag,4011932262.159936,471288.3982847497,3707,313,3325,69,0,1069749.0,75.23419148571507,33.81932493760922
374,379,Jammu and Kashmir,Srinagar,585347491.5852861,193115.7633052565,16164,1776,14078,310,0,1236829.0,74.90814273267745,34.11523168674654
375,380,Jammu and Kashmir,Pulwama,1314758408.7140286,223067.58556399046,4169,352,3745,72,2,570060.0,74.94303838420724,33.90717951529239
376,381,Jammu and Kashmir,Jammu,3328595711.632232,492195.76952317,14950,1610,13128,212,1,1526406.0,74.76621145633982,32.838327989362995
377,382,Himachal Pradesh,Kangra,8025186845.304499,683605.961327297,2512,363,2096,53,1,1507223.0,76.44513632085993,32.11790705646666
378,383,Punjab,Hoshiarpur,4678944889.342664,514813.1502422749,4906,502,4226,178,1,1582793.0,75.86571732062305,31.512302984044695
379,384,Punjab,Amritsar,3708718772.596182,449970.7636107632,10827,823,9606,398,1,2490656,74.94576832442738,31.682574080506857
380,385,Himachal Pradesh,Shimla,7029470115.740707,656321.4996460757,1516,344,1119,45,2,813384.0,77.57244279492862,31.18739448470247
381,386,Punjab,Jalandhar,3621063397.277788,540668.104915056,13713,1005,12283,425,0,2181753.0,75.52868186036663,31.295724552772246
382,387,Punjab,Rupnagar,1878881760.7930613,393215.43570769,2229,358,1781,90,2,683349.0,76.5139846605077,31.10292687807311
383,388,Uttarakhand,Dehradun,4186572765.338594,592796.0813617889,14497,2633,11477,332,1,1695860.0,77.96198181713885,30.507188930955365
384,389,Punjab,Sahibzada Ajit Singh Nagar,1477915818.0977714,376644.2622590881,10963,952,9818,193,1,986147.0,76.7542978427692,30.636539714052848
385,390,Punjab,Faridkot,1999600407.6649168,258355.06725357586,2889,239,2599,51,1,618008.0,74.75150520818386,30.63266007429675
386,391,Punjab,Fatehgarh Sahib,1567719449.3887475,291323.7505895376,1988,94,1800,94,2,599814.0,76.39424621774022,30.638374307315
387,392,Punjab,Sangrur,4858328439.326546,579607.4643752759,3678,148,3375,155,1,1654408.0,75.88824684258938,30.223831353085725
388,393,Punjab,Barnala,1920924157.0774765,288457.55502003,1889,232,1610,47,1,596294.0,75.48343719510291,30.38873682881787
389,394,Punjab,Bathinda,4505669820.602816,495446.1379752243,6320,1273,4919,128,2,1388859.0,75.11576623796974,30.18335542135928
390,395,Punjab,Patiala,4417872714.291164,728010.8885585953,11977,726,10903,348,0,1892282.0,76.40468628738579,30.27835105578559
391,396,Rajasthan,Ganganagar,14423235911.655178,975333.3408499896,1863,255,1589,19,2,1969168,73.76533949194881,29.297494952794747
392,397,Uttarakhand,Haridwar,3056682483.7757173,336783.85462437826,10044,1528,8371,105,0,1927029.0,77.93422070744512,29.898458130911866
393,398,Haryana,Kaithal,3062401933.504485,399797.35046854435,2606,235,2330,41,1,1072861.0,76.3727032204704,29.892523152060505
394,399,Haryana,Sirsa,5672844930.703997,498453.6391039175,4161,442,3649,70,1,1295114.0,74.9803784740452,29.586694019300076
395,400,Rajasthan,Hanumangarh,12796945953.20924,1091321.7445998285,1085,161,919,5,1,1779650.0,74.7779036433069,29.163921380602265
396,401,Haryana,Karnal,3263828960.904214,366768.9371512597,7745,614,7020,111,1,1506323.0,76.95324521219388,29.729237298556065
397,402,Haryana,Fatehabad,3353630553.0674233,381009.200572584,2506,281,2180,45,1,941522.0,75.56760776058536,29.581705069597966
398,403,Uttar Pradesh,Muzaffarnagar,3622076724.3849626,401092.769236146,5221,555,4590,76,0,3541952.0,77.65668298981427,29.4054497849288
399,404,Haryana,Hisar,5367512021.337421,489519.8865720248,7079,962,6035,82,1,1742815.0,75.80801050553634,29.225810611418847
400,405,Uttarakhand,Nainital,5266857867.9878435,507186.73586123716,6241,737,5350,124,1,955128.0,79.47671257451876,29.305872679891188
401,406,Haryana,Panipat,1672564165.8008304,230938.62724165164,7577,388,7096,93,1,1202811.0,76.96060852920468,29.35356873357302
402,407,Uttarakhand,Udham Singh Nagar,3507423530.2701263,662543.2245037748,8780,543,8090,69,2,1648367.0,79.43837597551307,29.024080667096673
403,408,Uttar Pradesh,Baghpat,1737579443.9999053,254094.5117853623,1370,116,1230,24,1,1303048,77.31853259893607,29.09587169434918
404,409,Uttar Pradesh,Meerut,3404582671.880609,373056.07667134935,11041,1884,8892,265,0,3001636.0,77.77733394534278,29.013536553703485
405,410,Rajasthan,Bikaner,39093040440.18218,1388718.616507488,7971,855,6998,118,1,2367745.0,73.52588176813165,28.15283069145615
406,411,Uttar Pradesh,Rampur,3093110561.2701716,471292.28767879936,4819,206,4568,45,0,1922450.0,79.0916308070165,28.817804142652996
407,412,Haryana,Rohtak,2196371575.1691675,286398.8996111992,6436,691,5676,69,1,1058683.0,76.50696858155624,28.911385092495674
408,413,Punjab,Pathankot,1335269746.1236913,293081.6080052089,3934,324,3523,87,1,676598.0,75.63312436223259,32.30544234629112
409,414,Haryana,Panchkula,1216451070.147204,280726.8747609445,6451,507,5844,100,1,558890.0,76.94999951492959,30.656295739949872
410,415,Haryana,Ambala,2027177349.71505,448528.22801707475,8373,364,7908,101,1,11367841.0,76.86090211707055,30.322996670975016
411,416,Maharashtra,Aurangabad,11578394174.687496,882986.7071666436,38163,9905,27341,917,0,2897013.0,75.28486698222726,20.12374945455786
412,417,Uttar Pradesh,Balrampur,4266809706.206025,528994.3152404479,1622,124,1473,25,1,598855.0,82.43649819018772,27.349970707129895
413,418,Maharashtra,Raigad,7855353536.142737,852475.0833251621,54211,6887,46002,1320,1,2207929.0,73.21365711365206,18.458828319580178
414,419,Chhattisgarh,Raigarh,8238179213.431195,774463.4977857006,8183,1773,6336,74,2,1493627.0,83.27176503847718,21.92327978901318
415,420,Chhattisgarh,Bilaspur,6517972013.15674,695139.9341621622,8499,612,7806,81,2,1961922.0,82.08035020696033,22.428734357837186
416,421,Himachal Pradesh,Bilaspur,1604142353.9672813,300260.2776725951,944,201,739,4,2,1961922.0,76.66722131518549,31.36593589484496
417,422,Puducherry,Karaikal,168516447.11875775,124456.96508934107,2936,548,2339,49,2,200222,79.78163809690247,10.935172645591393
418,423,Gujarat,Navsari,2543082443.553329,344506.1713362269,1244,72,1165,7,1,1329672,73.12889114681691,20.83374962262789
419,424,Chhattisgarh,Sukma,5880103548.562796,571407.388297756,2091,371,1716,4,2,249841.0,81.34600350589263,18.344873971336213
420,425,West Bengal,Malda,4398953873.710914,531481.7633974812,7465,728,6681,56,0,3997970.0,88.17485482819758,25.169001539702197
421,426,Manipur,Imphal West,540647028.5233625,233290.03557988442,3376,3304,52,20,2,514683.0,93.8742204000703,24.74343049123485
422,427,West Bengal,Birbhum,5465723410.025998,743720.7847077997,4430,584,3813,33,2,3502387.0,87.64771470483494,24.081359216234425
423,428,West Bengal,Nadia,4670037802.585938,760613.0679682241,8336,1054,7179,103,1,5167600,88.56096374953277,23.526858541363875
424,429,West Bengal,Purba Bardhaman,6449898256.736411,632226.3385672666,5582,736,4790,56,1,4835532.0,87.96378543358026,23.35774193700299
425,430,West Bengal,North 24 Parganas,4734497048.893097,638073.4988177739,57081,6235,49624,1222,0,10082852.0,88.76156002765427,22.826537287583363
426,431,West Bengal,Paschim Medinipur,7377312703.192544,617700.1731370769,10691,982,9549,160,0,5943300.0,87.43411091406129,22.37919787997425
427,432,West Bengal,Kolkata,116181140.16614006,69716.43342116532,62131,6258,54045,1828,0,4486679.0,88.33332635554895,22.550774342765763
428,433,West Bengal,Purba Medinipur,4637089443.983885,442117.05412368843,11871,1211,10516,144,0,5094238.0,87.65675111613395,22.093970498004676
429,434,Odisha,Sundargarh,11400602881.098042,896512.8167967611,8253,784,7421,48,1,1830673.0,84.4575579930124,22.049942752726018
430,435,Odisha,Balasore,4503333982.076921,616650.9872808029,8350,760,7538,52,0,2320529.0,86.90717110594545,21.53764261714861
431,436,Assam,Biswanath,2248084528.590674,259993.6804028397,467,88,379,0,2,580000.0,93.5053961839124,26.856725681524292
432,437,West Bengal,Paschim Bardhaman,1923795980.9948432,283153.89263471053,7822,762,6983,77,1,2882031.0,87.11063104407344,23.683471212125514
433,438,West Bengal,Uttar Dinajpur,3848813612.982464,804887.7415177468,3972,363,3568,41,2,3000849.0,88.17919098702201,25.954700473220313
434,439,Chandigarh,Chandigarh,155610321.37974727,73471.99187428983,12922,1392,11344,186,0,1055450,76.78308679415271,30.73645027381663
435,440,Uttar Pradesh,Bijnor,6084085594.445947,444984.62904145406,3222,270,2906,46,0,3130586.0,78.46870484033096,29.36491455065155
436,441,Dadra and Nagar Haveli and Daman and Diu,Daman,66722339.91201969,49988.232471998905,1296,51,1224,1,2,191173,72.873371485283,20.4126267415255
437,442,Maharashtra,Mumbai Suburban,490870437.03016,118971.15885821295,0,0,0,0,0,8587000.0,72.83217567718752,19.154619220733398
438,443,Bihar,Gopalganj,2554057499.963269,397275.8654389543,4493,355,4135,3,1,2562012.0,84.34088612386773,26.437015419508118
439,444,Uttar Pradesh,Ambedkar Nagar,2914692271.127261,438582.3282885165,1549,185,1331,33,2,2025376.0,82.6450177180486,26.366093532383047
440,445,Uttar Pradesh,Jalaun,5681732379.786474,561886.4586193765,2446,233,2183,30,1,1689974,79.29318165256723,26.098837760252568
441,446,Assam,Goalpara,2461773954.701029,377429.1823423923,658,38,568,4,1,1008959.0,90.50798776267217,26.00402357764695
442,447,Madhya Pradesh,Sheopur,8179434204.728934,617989.6285075084,904,92,807,5,1,687861,77.15837083747515,25.815189946180546
443,448,Uttar Pradesh,Mau,2158944490.5454254,348302.4875661342,2531,216,2285,30,1,1849294.0,83.55804719709424,25.987952230124634
444,449,Uttar Pradesh,Fatehpur,5171592888.323595,495881.1956546175,2562,492,2022,48,2,2305847.0,80.76122169731562,25.868252901811818
445,450,Uttar Pradesh,Jaunpur,4993359402.517861,611639.2711580644,5288,355,4862,71,1,4494204,82.57105948819463,25.71871288748572
446,451,Rajasthan,Bhilwara,12917800819.421486,825813.5551744484,5023,308,4689,26,1,2410459.0,74.74624219705915,25.40821229182184
447,452,Meghalaya,West Khasi Hills,4684606586.206534,464130.6621191642,72,11,60,1,2,294115.0,90.9945151224516,25.644830192084154
448,453,Manipur,Senapati,2157994870.5585337,301994.5754088903,310,289,21,0,2,354772.0,94.15687169738355,25.46153348872401
449,454,Rajasthan,Jalor,13043953185.937805,827141.0922488767,2695,156,2513,26,2,1830151.0,72.30728226567156,25.144352953378107
450,455,Uttar Pradesh,Jhansi,6219425319.175307,1099150.9485727244,7626,542,6921,163,1,1746715.0,78.85818256018187,25.41547929764292
451,456,Madhya Pradesh,Shivpuri,12658994651.899992,963333.2085597024,2345,301,2020,24,2,1726050.0,77.89310996012169,25.36503822171987
452,457,Uttar Pradesh,Banda,5486214661.804482,753656.1980982892,2294,305,1965,24,1,1799410,80.47846171414025,25.298851595465447
453,458,Manipur,Tamenglong,3855693903.852653,440243.69397985935,442,409,32,1,2,140651,93.5449238560828,25.1152891839252
454,459,Uttar Pradesh,Ghazipur,4175611783.232025,468290.92586658424,4011,219,3737,55,1,3049337.0,83.53516576563791,25.660289257924088
455,460,Uttar Pradesh,Kaushambi,2206288969.1508484,297691.8278180975,1625,143,1460,22,1,1294937.0,81.43102808416651,25.524520314423643
456,461,Bihar,Bhojpur,2988174868.72602,331452.3607039332,4270,120,4117,33,1,2728407.0,84.49218935997926,25.515526483988523
457,462,Bihar,Buxar,2052514825.7488148,285673.9410743433,3536,97,3427,12,0,1706352.0,84.0544479088724,25.45162974862284
458,463,Madhya Pradesh,Tikamgarh,4536749314.122863,469021.9484109254,862,92,744,26,1,1445166.0,78.94830689983317,24.880518755994213
459,464,Rajasthan,Sirohi,6249980932.888525,499506.38579370116,2164,132,2010,22,2,1037185.0,72.76961234349007,24.755478649531046
460,465,Uttar Pradesh,Chitrakoot,3916225269.262921,602134.6037045651,1396,117,1269,10,2,800592.0,81.08503846583379,25.155447831649926
461,466,Uttar Pradesh,Chandauli,3124866774.638784,432886.99668034405,3400,208,3157,35,2,1639777.0,83.28814956174757,25.12434964260761
462,467,Uttar Pradesh,Sant Ravidas Nagar,1248102076.1668706,308972.1497682605,1753,172,1566,15,1,1352056.0,82.4908163778832,25.392874504454156
463,468,Assam,Cachar,4611978588.0795965,488057.5070108149,6216,4685,1498,33,2,1736319.0,92.90736629825837,24.807066767200983
464,469,Bihar,Rohtas,4698251646.630772,450381.4522682112,5812,299,5477,36,0,2959918.0,83.94017328554108,24.976976794274282
465,470,Jharkhand,Godda,2759829003.890539,346375.7739643741,1726,96,1623,7,2,1313551.0,87.32093681371065,24.831600740143905
466,471,Uttar Pradesh,Mirzapur,5398663627.788075,646874.5521135682,2535,155,2354,26,1,2114852.0,82.60383135775481,24.944847733245638
467,472,Uttar Pradesh,Lalitpur,6135163590.078063,490053.0326603063,2642,345,2255,42,2,977447.0,78.66984869748828,24.592285589285247
468,473,Assam,Karimganj,2234859324.0000854,282986.9891935748,1200,219,955,26,2,1217002.0,92.37844605538974,24.672583230203383
469,474,Madhya Pradesh,Neemuch,5234084191.306468,706248.4142633302,2107,208,1867,32,2,826067,75.0608565700023,24.682821909270274
470,475,Manipur,Bishnupur,569974926.9231968,297610.03313243657,415,354,58,3,2,240363.0,93.80385910192649,24.46401954283011
471,476,Madhya Pradesh,Satna,9124781465.152552,1087379.0439036293,1680,160,1488,32,2,2228935.0,80.74631784187477,24.611630081144092
472,477,Madhya Pradesh,Guna,7748412295.350446,758343.6228100378,807,103,690,14,2,1241519.0,77.28762135540096,24.490851884800076
473,478,Manipur,Chandel,2556367534.2035,327159.3764122649,160,152,4,4,2,144028.0,93.96177845752801,24.180306257500693
474,479,Manipur,Churachandpur,2969694317.2438607,411993.17119650304,677,612,58,7,2,271274.0,93.67442382511062,24.287583872954713
475,480,Madhya Pradesh,Ashoknagar,5755129256.693057,481921.7309353496,514,57,443,14,2,845071.0,77.78925216186563,24.59806209270884
476,481,Gujarat,Banaskantha,12977932091.083904,989080.6333845231,2278,71,2182,25,0,3116045.0,71.93566576921462,24.250137836527518
477,482,West Bengal,Murshidabad,6591378120.662999,654005.2550448431,6646,812,5761,73,1,7103807,88.0749406855802,24.23170913578496
478,483,Uttar Pradesh,Sonbhadra,8364438137.832964,636578.8922053546,3098,505,2555,38,2,1862612.0,82.98393426477747,24.569010040924564
479,484,Mizoram,Kolasib,1894599148.283113,286370.8862154029,229,14,215,0,2,60977.0,92.69159743363403,24.29945303735338
480,485,Tripura,North Tripura,1638342694.4200444,329669.5610413289,2378,594,1763,14,1,693281.0,92.21763297780383,24.12769839778743
481,486,Jharkhand,Giridih,6006524291.351235,527913.3808347647,3168,126,3031,11,1,2445474.0,86.11338586143167,24.218659416167554
482,487,Mizoram,Mamit,3667160571.859008,444073.0897165807,47,8,39,0,2,62313.0,92.37222715190653,23.87424735083011
483,488,Madhya Pradesh,Singrauli,6937116524.86669,565887.3328820678,1002,240,741,21,2,1178273.0,82.46101831400297,24.252489126082313
484,489,Madhya Pradesh,Sidhi,5767573982.359515,581690.6949253428,997,194,795,8,2,1127033.0,81.87450633897079,24.23009894077675
485,490,Tripura,Dhalai,2710130247.911209,363801.74149484007,2960,473,2475,11,2,377988.0,91.91262224326391,23.73861371975065
486,491,Jharkhand,Garhwa,4924675391.409108,460451.647019467,2247,111,2127,9,1,1322784,83.74097814230876,24.00465193442893
487,492,Madhya Pradesh,Sagar,12332547676.743021,1138772.0574223213,2695,524,2059,112,1,2378458.0,78.7863464251065,23.854206083431205
488,493,Mizoram,Champhai,3951532066.105096,391408.8040492097,23,4,19,0,2,101389.0,93.35250673622505,23.626100424604196
489,494,Gujarat,Patan,6933879154.663242,807392.8693852195,2039,229,1768,42,1,1343734,71.89085316871426,23.804162779646802
490,495,Madhya Pradesh,Damoh,8764699291.367208,709348.5081748958,1832,475,1317,40,2,1264219.0,79.50892105267893,23.85490102217332
491,496,Madhya Pradesh,Shajapur,3874696114.6750064,472571.1298990926,987,111,861,15,1,1512681.0,76.55720499944903,23.395104865683535
492,497,Madhya Pradesh,Rajgarh,7408588381.889944,515465.5045974946,1398,177,1194,27,2,1545814.0,76.75677765984756,23.789104966511406
493,498,Jharkhand,Jamtara,2183906012.732233,368431.2755988315,855,121,732,2,1,791042.0,86.91045457947035,23.975849291076894
494,499,Madhya Pradesh,Katni,6080489417.711295,695129.2819015159,1344,146,1183,15,2,1292042,80.42587548049353,23.76030121108046
495,500,Rajasthan,Banswara,5354946574.996936,485103.4599737909,1307,125,1159,23,0,1798194.0,74.43317370850943,23.49134491629853
496,501,Tripura,Gomati,1929615607.2131624,257852.24890980532,3330,593,2704,32,1,"436,868",91.63268856675452,23.555278137277067
497,502,Jharkhand,Latehar,5139931463.675056,564458.41147135,1581,241,1335,5,2,726978.0,84.48896555813764,23.684264584744454
498,503,Madhya Pradesh,Ratlam,5803408390.085454,624000.8098251253,2117,197,1876,44,1,1455069.0,75.17584665009193,23.474494569119056
499,504,Mizoram,Serchhip,1369797076.2215838,252110.06797879643,63,16,47,0,2,55539.0,92.97509837417707,23.159187790398065
500,505,Gujarat,Gandhinagar,2544681505.2592664,480154.129925679,4026,739,3207,80,0,1387478.0,72.65858537100605,23.204622564287824
501,506,Madhya Pradesh,Raisen,10084513977.213558,875882.1133195236,1375,180,1167,28,1,1331597.0,78.15567010424161,23.377136216156078
502,507,Mizoram,Lunglei,5356806230.318646,472771.86360269954,262,77,185,0,2,137155.0,92.56966037865489,23.023772522218156
503,508,West Bengal,Purulia,7437097323.988401,649743.477773265,3947,474,3449,24,2,2927965.0,86.4340344312912,23.263476120686338
504,509,Madhya Pradesh,Sehore,7787041098.454696,958524.1414629049,1700,276,1384,40,2,1311332.0,77.13120342956778,23.02328015037106
505,510,Gujarat,Panchmahal,3882272363.677885,500455.4298080036,2482,300,2163,19,0,1642268.0,73.63500425179538,22.709567498132586
506,511,Madhya Pradesh,Jabalpur,6064181482.478418,637312.3243285861,10863,992,9703,168,0,2463289.0,80.06058900336967,23.254870084264873
507,512,Gujarat,Dahod,4329155680.536746,430497.2248999542,1723,246,1471,6,1,2126558.0,74.0578076399855,22.88761446257048
508,513,Madhya Pradesh,Dewas,8283663194.415142,943963.4062263159,1640,327,1290,23,0,1563715.0,76.45394215901965,22.79008100815905
509,514,Madhya Pradesh,Anuppur,4471617621.373296,623268.6012907142,1216,126,1079,11,2,749237.0,81.67515565530566,23.06805906589538
510,515,Madhya Pradesh,Jhabua,4076689249.8065853,377974.2249230518,1519,249,1256,14,2,1025048.0,74.67015523120217,22.83783566319204
511,516,Jharkhand,Khunti,3115836168.1599197,431327.08123076055,1657,304,1349,4,2,531885.0,85.27636854377884,22.963079105518982
512,517,Madhya Pradesh,Narsinghpur,6083704416.8223,617246.8174252914,2696,227,2450,19,2,1091854.0,79.04507236194094,22.924623963072666
513,518,Madhya Pradesh,Dhar,9602161766.650906,636320.5953522007,2408,213,2162,33,0,2185793.0,75.09877268278592,22.588569551263436
514,519,Jharkhand,Saraikela-Kharsawan,3146432529.1122627,404412.0732860694,3157,376,2772,9,2,1065056,85.8802872922885,22.858343352846006
515,520,Madhya Pradesh,Mandla,8858627361.200947,786227.2292654201,793,103,683,7,2,1054905.0,80.50941546523302,22.70139582794018
516,521,Madhya Pradesh,Hoshangabad,7880740679.879102,630608.7676152157,2042,451,1550,41,1,1241350.0,78.0507807518778,22.537638430989258
517,522,Jharkhand,West Singhbhum,8499383905.798968,591237.2244756606,3917,342,3540,35,2,1502338.0,85.49656281243777,22.396526862346956
518,523,Madhya Pradesh,Chhindwara,13834420112.5622,903897.6253279444,1619,339,1252,28,1,2090922.0,78.79514628931608,22.18539751031401
519,524,Madhya Pradesh,Harda,3912375422.2645454,343933.0413288898,1035,184,836,15,1,570465,77.11071009135455,22.194797679637496
520,525,Madhya Pradesh,East Nimar,8731734008.981503,668193.6452318107,1598,114,1446,38,0,1310061.0,76.5515872795637,21.984655260692787
521,526,Gujarat,Porbandar,2696149437.3677955,458671.0872175722,505,31,470,4,2,585449,69.7866860867945,21.676074275511663
522,527,Madhya Pradesh,Balaghat,10788258901.803041,782270.0573956631,1349,352,989,8,2,1701698.0,80.49943268675688,21.868945249898736
523,528,Gujarat,Narmada,3280582123.867441,444320.4355848013,1020,83,936,1,1,590379.0,73.66727756391381,21.832984996148603
524,529,Madhya Pradesh,Barwani,6327531869.514402,540551.3433181393,1905,177,1707,21,0,1385881,75.06287361718393,21.74843598753854
525,530,Nagaland,Wokha,1937269016.8925354,278020.8865054874,36,0,36,0,2,166343.0,94.27358322563467,26.238730913731736
526,531,Nagaland,Phek,2333304804.902205,335398.45818181016,37,1,36,0,2,163418.0,94.54275485797423,25.641156898643878
527,532,Mizoram,Saiha,1713176877.4829545,292648.8842543865,31,0,31,0,2,60823.0,93.0234715472008,22.16734162006553
528,533,Mizoram,Lawngtlai,2953400777.2679625,521063.79251646966,79,38,41,0,2,73050.0,92.69218552785252,22.353495113029894
529,534,Nagaland,Kohima,1594148721.7285035,228744.82794137052,2061,316,1736,1,2,267988.0,94.152227864872,25.734996284779115
530,535,Nagaland,Dimapur,1230356327.942484,254951.1700218604,3432,744,2644,9,2,378811,93.71073585087844,25.850779998200778
531,536,Arunachal Pradesh,Lohit,3180209499.820937,419558.8116081192,307,78,229,0,2,145538.0,96.0534296797426,27.90609866038426
532,537,Arunachal Pradesh,Lower Subansiri,1862064097.645477,219664.61897089466,239,45,193,1,2,82839.0,93.78015693847897,27.571740361104304
533,538,Bihar,Vaishali,2462859077.312509,278730.42986375623,4406,208,4164,33,1,3495021.0,85.34986700917861,25.81914495393864
534,539,Bihar,Nalanda,2888909771.1559176,433982.8463502576,6295,321,5932,42,1,2877653.0,85.45673900551274,25.20773188732032
535,540,Bihar,Araria,3490874120.497591,437248.7566978062,5542,380,5147,15,2,2811569.0,87.32688876810737,26.168571067082777
536,541,Bihar,Purnia,3992510435.54876,519928.8860100042,6927,366,6552,9,1,3264619.0,87.4352406774408,25.817539062777772
537,542,Gujarat,Aravalli,3886555090.662468,460999.6320066075,639,197,418,24,0,1039918.0,73.27594406247874,23.412108561785452
538,543,Gujarat,Botad,3081350843.462251,446477.4205771597,777,110,662,5,1,656005.0,71.72690534455677,22.103266786043456
539,544,Gujarat,Chhota Udaipur,4054131636.7669883,562514.7514274317,539,80,457,2,1,1071831.0,73.85688631409549,22.152570611473443
540,545,Gujarat,Mahisagar,2988717542.790413,421333.6237239178,1084,88,991,5,1,994624.0,73.63524520653333,23.161913727220675
541,546,Gujarat,Gir Somnath,4340580753.394108,444401.21635672665,1514,151,1342,21,1,1217477.0,70.79173835531229,20.86861335620559
542,547,Uttar Pradesh,Amethi,4140223758.5460773,593761.8969463167,2604,295,2286,23,2,1280800.0,81.63017935219219,26.27533386417166
543,548,Meghalaya,West Jaintia Hills,2332323418.15944,321080.7519179309,83,42,41,0,2,270352.0,92.30839521429851,25.53365135732876
544,549,Tripura,South Tripura,1785393551.0062985,354877.2894028094,2745,609,2117,16,2,876001,91.5871227975978,23.170061557141555
545,550,Delhi,North West Delhi,202363736.56807056,104192.92574502924,32,31,0,1,0,3651261.0,77.02420852278985,28.724772058199903
546,551,Uttar Pradesh,Sambhal,3157227870.6437397,406046.1289679206,2390,215,2136,39,1,2217020.0,78.61027934986795,28.44896914731919
547,552,Haryana,Charkhi Dadri,1797297708.177387,324365.86511242465,693,167,522,4,1,502276.0,76.20014281967823,28.59634900178961
548,553,Manipur,Thoubal,362765744.9585546,211022.64976629047,1197,1157,23,17,2,420517.0,94.03035313625482,24.62098773216015
549,554,Manipur,Ukhrul,2636689842.2510858,346182.0595530753,364,346,18,0,2,183115.0,94.3749963408429,25.310601671223154
550,555,West Bengal,Alipurduar,3455633178.3545628,374951.2032271758,5193,563,4565,65,2,1700000.0,89.42424827968709,26.575408257678262
551,556,Madhya Pradesh,Datia,3316140432.048949,615195.3607465103,1271,115,1138,18,2,786754.0,78.5494602641033,25.711378203621663
552,557,Rajasthan,Rajsamand,5692261031.963073,790457.1678884847,2051,183,1844,24,1,1158283.0,73.97502880719162,25.315390391002143
553,558,Uttar Pradesh,Mahoba,4022226338.382229,621728.5955849858,918,89,820,9,2,708831.0,79.67054019185701,25.303545213392944
554,559,Rajasthan,Chittorgarh,9506564082.017448,1096766.6386656682,1885,174,1691,20,1,1544392.0,74.82470484298857,24.81236230329406
555,560,Madhya Pradesh,Panna,8603292574.77675,908471.5677256908,725,73,649,3,2,1016520.0,80.20550994328956,24.511502676827824
556,561,Gujarat,Surendranagar,10813475595.950485,1090555.6480898762,1935,341,1583,11,1,1585268.0,71.59449892968074,22.80136262082794
557,562,Gujarat,Anand,3252468553.316441,413586.292601997,1182,45,1121,16,0,2092745,72.82740776635194,22.56485576740209
558,563,Madhya Pradesh,Betul,11736896136.390005,800314.9790998079,2029,393,1589,47,1,1575362.0,77.88616283165972,21.915574775465547
559,564,Gujarat,Junagadh,5852199547.709743,619256.4431058521,3060,355,2672,33,2,1525605.0,70.40486431388595,21.393873791193567
560,565,Gujarat,Devbhoomi Dwarka,4904139477.6128645,742263.1732925355,618,135,478,5,2,752484.0,69.34000169416373,22.27335982873093
561,566,Gujarat,Morbi,5759468598.3608,662040.8187998701,1810,224,1570,16,2,960329.0,70.88795740036906,22.809631325846894
562,567,Jammu and Kashmir,Kupwara,3843550240.118131,322491.78985549754,3827,643,3114,70,1,875564.0,74.25483776163055,34.43526717887417
563,568,Jammu and Kashmir,Bandipora,3742379838.3928986,408805.2839949753,3646,398,3207,41,0,385099.0,74.77821409287718,34.378250519070235
564,569,Jammu and Kashmir,Baramulla,3157864482.20098,335041.48214265314,4761,1448,3187,126,1,1015503.0,74.38631421758484,34.172805045301835
565,570,Jammu and Kashmir,Ganderbal,2178037753.336605,337700.58100779896,3075,265,2780,30,1,297003.0,74.96003791644269,34.282640306016994
566,571,Jammu and Kashmir,Budgam,1915340598.4627,219592.03253323265,5263,766,4408,89,1,755331.0,74.64392072238586,33.89706739796549
567,572,Jammu and Kashmir,Punch,6217927908.7215,470485.3329586122,1957,826,1113,18,2,476835,74.29125929033344,33.67313015243692
568,573,Jammu and Kashmir,Shopian,736657384.6908134,196055.92865887933,2079,151,1896,32,0,265960.0,74.84743959495167,33.74307131036932
569,574,Jammu and Kashmir,Kulgam,1699266676.1032858,340109.25787351065,2317,86,2188,43,1,423181.0,74.89674900380695,33.629236279843255
570,575,Jammu and Kashmir,Rajouri,3854903049.745335,373626.4644792368,2921,527,2355,39,1,619266.0,74.49616638017746,33.28324631151239
571,576,Jammu and Kashmir,Ramban,1722965695.3311007,228381.87607334074,1430,116,1303,11,1,283313.0,75.18270181430648,33.276057890957645
572,577,Jammu and Kashmir,Doda,3401144550.5648136,337757.5019883141,2371,829,1504,38,2,409576.0,75.73667749690762,33.0484057558953
573,578,Himachal Pradesh,Chamba,9226894286.254791,671987.3115413936,932,119,797,12,1,515844.0,76.39808842843522,32.58913775464972
574,579,Jammu and Kashmir,Kathua,3500894965.0697,374786.1038708221,2218,139,2051,28,1,615711.0,75.55656895515934,32.60063687032194
575,580,Punjab,Gurdaspur,3626197067.456954,390872.4721072809,6311,439,5705,167,1,2299026.0,75.21849428522566,31.87623090403473
576,581,Himachal Pradesh,Kullu,7646500318.51678,503497.86121718865,791,301,476,12,2,437474.0,77.39167688011223,31.893688160152465
577,582,Himachal Pradesh,Mandi,5461951163.297797,402401.9352364463,1946,579,1339,28,2,999518.0,76.96281664023037,31.655710638666314
578,583,Himachal Pradesh,Una,2133789564.3254907,293212.97692628537,1386,210,1162,14,1,521057.0,76.18129316022312,31.60389348777373
579,584,Punjab,Tarn Taran,3322890088.706964,374677.1055055557,1763,136,1553,74,1,1119627,74.88279600193259,31.390580723900875
580,585,Himachal Pradesh,Solan,2645999742.086393,368951.3063751765,3244,484,2716,34,1,576670.0,76.92415748929596,31.049730176549268
581,586,Punjab,Shahid Bhagat Singh Nagar,1730419888.2000165,314192.1070194002,1757,164,1537,56,1,612310,76.0638112493665,31.169776032359522
582,587,Punjab,Fazilka,3879929468.341561,415980.8104917471,2588,411,2135,42,2,1180483.0,74.20253207195829,30.320330301575975
583,588,Punjab,Moga,3036136858.1523905,345148.01436812175,2353,277,2000,76,1,992289.0,75.16921957689598,30.808300391527958
584,589,Punjab,Ludhiana,5019782020.351835,469716.4258701858,18853,508,17555,790,0,3487882.0,75.82471379633195,30.74845143106764
585,590,Uttarakhand,Chamoli,10549102599.287071,619157.7523460857,1193,272,918,0,2,391114.0,79.51559998914831,30.45942333242289
586,591,Himachal Pradesh,Sirmaur,3838334506.051303,411611.1927908275,1927,170,1742,15,1,530164.0,77.40426370193501,30.688528425477724
587,592,Uttarakhand,Tehri Garhwal,5276176446.1402645,643117.0932365453,2663,605,2046,4,2,616409.0,78.48163850255071,30.476377400469755
588,593,Punjab,Sri Muktsar Sahib,3555272499.939007,416546.0321214807,2648,437,2162,49,1,902702.0,74.55784223505458,30.34817469830359
589,594,Uttarakhand,Rudraprayag,2686932402.274391,294312.11421455065,785,158,624,2,2,236857.0,79.08669818038922,30.464661131910077
590,595,Uttarakhand,Pithoragarh,9679194216.17333,714343.360057024,1175,220,950,5,2,485993.0,80.31166980437935,30.156852050249963
591,596,Haryana,Yamunanagar,2317238062.037301,315756.05333048786,4548,295,4167,86,1,1214162.0,77.2800668294525,30.24534065804668
592,597,Uttar Pradesh,Saharanpur,4970892071.351747,438981.3612191681,7316,771,6435,110,0,2848152.0,77.58827826532627,29.910957614511727
593,598,Punjab,Mansa,2930573589.6566052,403828.18244890077,1703,180,1490,33,1,768808.0,75.42023576378264,29.860487440205606
594,599,Haryana,Kurukshetra,2248965042.03269,301895.7231937754,5961,453,5413,95,1,964231.0,76.80779707540093,30.04061252755678
595,600,Uttarakhand,Bageshwar,2990239606.2434,370198.4882346315,720,128,588,4,2,259840.0,79.87836589703765,29.97900512544645
596,601,Uttarakhand,Pauri Garhwal,7047634795.073005,485903.0084747236,2153,545,1564,21,2,686572.0,78.83070490817057,29.90583504976013
597,602,Uttarakhand,Almora,4182304382.759161,462107.68759848154,1543,143,1386,8,2,622506,79.46678520955162,29.67022421230669
598,603,Haryana,Jind,3658634977.446397,456507.4465557873,2320,228,2050,42,1,1332042.0,76.28083544082091,29.42400806001586
599,604,Uttarakhand,Champawat,2334290112.415121,319071.11655989377,906,243,654,5,2,259315.0,80.01893060179988,29.286667877372878
600,605,Haryana,Sonipat,2863218215.919881,326244.18159582064,8712,375,8289,48,0,1480080.0,76.88259473692887,29.022775549950182
601,606,Uttar Pradesh,Moradabad,2933123221.8382144,513741.889623772,9087,1086,7851,150,0,3749630.0,78.80346744381681,28.84477422523424
602,607,Haryana,Bhiwani,4325746201.396769,465062.8541904607,3027,245,2743,39,1,1629109.0,75.87372597911497,28.766606146216798
603,608,Uttar Pradesh,Shamli,1674062353.3587995,235745.9026984934,2535,241,2273,21,1,1377840.0,77.28020397858404,29.467393812752274
604,609,Punjab,Firozpur,3221492056.9873924,417312.8447419013,3927,312,3506,109,1,965337.0,74.80985084447849,30.918763778053403
605,610,Jammu and Kashmir,Samba,1336135778.739489,271527.3959660749,1926,471,1431,24,1,318611.0,75.09801881769063,32.60941002895029
606,611,Punjab,Kapurthala,2243646416.2193394,518646.05345972406,3652,387,3114,151,1,815168,75.51202367719208,31.34792568078781
607,612,Chhattisgarh,Balrampur,7491715748.245915,727195.2173491709,1252,282,966,4,2,598855.0,83.54455880916628,23.50696868680409
608,613,Karnataka,Vijayapur,11515600089.681637,733407.8885635736,10547,1095,9280,172,1,2177331.0,75.94713892808909,16.871659529452348
609,614,Uttar Pradesh,Hamirpur,4822303924.252731,572215.9349841459,1133,100,1014,19,2,1042374.0,79.88356423551426,25.72805177554596
610,615,Himachal Pradesh,Hamirpur,1544876661.3714266,224524.5847210229,985,154,824,7,1,1042374.0,76.55088445331958,31.676741340632024
611,616,Rajasthan,Pratapgarh,5324406654.0707035,513081.08413588343,845,88,745,12,2,2727156.0,74.65510633856073,24.008505562241453
612,617,Uttar Pradesh,Pratapgarh,4604305889.766834,597787.4641379329,3884,301,3538,45,1,2727156.0,81.8782807945697,25.866451339028096
613,618,Puducherry,Mahe,9293844.37678457,27726.68497848385,523,232,287,4,2,41816,75.5382977130377,11.727433674409516
614,619,Dadra and Nagar Haveli and Daman and Diu,Diu,38491700.00002637,45663.61412242301,306,3,300,0,2,52074,70.95608151076367,20.718203742559666
615,620,Uttar Pradesh,Rae Bareli,4071013633.641032,511433.9356245982,3137,500,2550,87,0,2872204.0,81.10199890962318,26.23557191852756
616,621,Meghalaya,Ribhoi,2973016618.084227,448584.2979636053,681,319,361,1,2,258840,91.91284115492935,25.96435277692723
617,622,Manipur,Kamjong,2821856146.546958,281272.2607481005,173,156,17,0,2,45616,94.32691554835111,24.718954620907223
618,623,Meghalaya,East Jaintia Hills,2354657669.1949515,267107.4683555172,379,39,340,0,2,122436.0,92.54305232607138,25.260667667438263
619,624,Meghalaya,East Khasi Hills,3452097537.8821025,325184.099170629,4723,1693,2975,55,1,824059.0,91.99911546058439,25.42258344105332
620,625,West Bengal,Dakshin Dinajpur,2751830140.8818283,431081.0418352545,5759,411,5308,40,2,1670931.0,88.61114234483695,25.36947573214003
621,626,Manipur,Kakching,368430359.9395399,231294.4954312147,323,295,27,1,2,135481.0,93.92907392558203,24.403760581993698
622,627,West Bengal,Bankura,8187903558.648594,556354.2735765565,6023,508,5452,63,2,3596674,87.10918468466059,23.1209292132409
623,628,Odisha,Mayurbhanj,12139823061.135635,852601.9836489832,9028,1193,7804,31,2,2519738.0,86.42344479262385,21.843864110580125
624,629,Odisha,Kendujhar,9655718823.707212,736918.3555286385,4982,559,4409,14,2,1801733.0,85.76188891435442,21.506239892453756
625,630,Odisha,Jharsuguda,2423662461.3336987,396880.862428353,5125,488,4634,3,2,579505.0,83.93280788856443,21.856920978612973
626,631,Odisha,Bargarh,6760578551.05886,664762.4220154961,7171,888,6270,13,2,1481255.0,83.2389476070908,21.216167874758685
627,632,Delhi,Shahdara,47163332.48375805,36101.707196490715,48,48,0,0,0,322931.0,77.30901960180698,28.691500877384765
628,633,Assam,Hojai,1808849458.9495847,286566.0248053616,1646,474,1160,12,2,931218.0,92.98569661763297,26.01881538729383
629,634,Manipur,Imphal East,543995350.6923151,262137.6917572923,1875,1841,16,18,2,452661.0,94.01683592239041,24.855639955751073
632,637,West Bengal,Kalimpong,1372158396.6422105,193866.0758045378,1091,135,949,7,0,251642.0,88.60037354153053,27.037277179895646
633,638,West Bengal,Jhargram,3637798115.293543,537526.1971186602,1002,206,786,10,2,1136548.0,86.96557254992612,22.354368366692576
634,639,West Bengal,Cooch Behar,4225581631.2979608,1047306.9363284395,6500,780,5677,43,2,2822780.0,89.24330440051813,26.251517852137955
635,640,Uttarakhand,Uttarkashi,10930281998.106493,817689.3772237471,2259,612,1613,9,2,329686.0,78.57550625289215,30.911214595853906
636,641,Odisha,Sambalpur,7707976276.344624,713756.6629193992,6864,1015,5825,24,2,1041099.0,84.37579835216664,21.456675105812362
637,642,Lakshadweep,Lakshadweep,31123937.22684744,147600.40219415983,0,0,0,0,2,64473.0,72.84542069063288,10.462543347017208
638,643,Bihar,Sheohar,553963865.1221721,195084.9104398111,1129,64,1064,1,2,656916.0,85.30164841652078,26.497402108582666
639,644,Assam,Dhubri,1940842381.3590355,553194.1614260123,1723,498,1215,10,1,1948632.0,90.01601332573972,26.189343432936866
640,645,Nagaland,Kiphire,1444111010.8278296,223032.36166706466,16,0,16,0,2,74004.0,94.77827335902973,25.777342531883967
641,646,Assam,Dima Hasao,6008052127.162643,565250.6675392864,237,38,199,0,2,214102.0,93.09572247447127,25.352682852926474
642,647,Nagaland,Peren,2045198173.1719704,279704.72339399834,361,10,351,0,2,95219.0,93.55795909118005,25.449689825512966
643,648,Meghalaya,South Garo Hills,2362719042.0452642,276938.71577770583,50,13,37,0,2,142574.0,90.72828137411827,25.372117542619176
644,649,Bihar,Khagaria,1840770282.7011487,330419.99248697393,2758,95,2653,10,2,1666886.0,86.62544466966531,25.535436617128457
645,650,Bihar,Saharsa,2067582870.9483235,342190.7692280658,5077,256,4814,7,2,1900661.0,86.53655496499483,25.83688346453917
646,651,Jharkhand,Sahibganj,2681404731.176646,337447.4474450876,1375,98,1268,9,2,1150567,87.66060155557423,24.946856619882436
647,652,Bihar,Kaimur,4118104750.389116,426988.53944311687,1706,52,1645,9,1,1626384.0,83.61308995959963,25.07390493484021
648,653,Assam,Hailakandi,1612208216.7264595,295141.4871151169,1632,509,1116,7,2,659260.0,92.58773211127226,24.439138242749795
649,654,Bihar,Jamui,3777780213.3984666,455368.1614130343,2512,255,2251,6,2,1760405.0,86.28189180602888,24.74319895601462
650,655,Bihar,Banka,3697942404.649568,387393.23465750396,2742,259,2474,9,1,2034763.0,86.84107693438433,24.845512876839177
651,656,Jharkhand,Dumka,4555289501.228439,455941.0172786057,1139,214,917,8,2,1321442.0,87.25272137047797,24.295590173932247
652,657,Madhya Pradesh,Shahdol,6797766766.033738,675718.5341148654,2107,245,1839,23,1,1066063.0,81.5423960881777,23.50005202482659
653,658,Madhya Pradesh,Umaria,5459952475.015007,520436.4029272964,715,144,562,9,2,644758.0,80.95352625314138,23.605935552355323
654,659,Chhattisgarh,Koriya,7892629269.938998,603558.7787017946,1816,339,1466,11,2,586327.0,82.17838851615689,23.52841361218592
655,660,Jharkhand,Lohardaga,1792668250.1152554,279382.5921170699,1356,335,1013,8,2,461790.0,84.68268850313386,23.48122410080825
656,661,Jharkhand,Gumla,6361445492.439436,638481.6179179953,1746,199,1545,2,2,1025213.0,84.53367104044416,23.10791727808649
657,662,Madhya Pradesh,Dindori,6807216943.904169,706491.4390699387,542,86,456,0,1,704524,81.12961948458076,22.827758139038938
658,663,Chhattisgarh,Jashpur,6915675344.153191,560096.7114853476,1264,259,1001,4,2,851669,83.84159731492532,22.80464620280592
659,664,Chhattisgarh,Korba,7779815714.434304,523439.6281826668,4203,1187,3009,7,1,1206640,82.52312038572524,22.451624970967927
660,665,Madhya Pradesh,Seoni,10286648755.409046,779330.0445099083,1074,144,923,7,2,1379131.0,79.63150806774117,22.30125580498127
661,666,Jharkhand,Simdega,4440960206.3088455,448994.1331522053,1704,188,1512,4,1,599578.0,84.60886226433836,22.628087006833034
662,667,Madhya Pradesh,Alirajpur,3916385522.0225677,530881.6825575341,988,37,938,13,1,728999.0,74.314866819453,22.308760712158012
663,668,Chhattisgarh,Kabeerdham,4911989957.247214,480794.828348106,2394,288,2092,14,2,822526,81.18043838374186,21.996112314491945
664,669,Maharashtra,Nandurbar,6927635806.902197,792850.0151278961,5695,716,4853,126,1,1309135.0,74.19745802139204,21.53974409691759
665,670,Chhattisgarh,Bemetara,3335296128.4130287,463266.1817408704,1617,190,1407,20,2,197035.0,81.47783653225424,21.771711945478646
666,671,Chhattisgarh,Rajnandgaon,9310041645.84828,838460.1074077919,8804,1490,7272,42,2,1537133.0,80.8322581344868,21.07533667607534
667,672,Maharashtra,Dhule,8301439903.098327,672253.4570086262,12929,754,11837,336,0,1707947.0,74.5968142436772,21.066058398071785
668,673,Gujarat,Tapi,3630625614.5501094,640550.0588826783,699,29,665,5,1,806489.0,73.7003415405962,21.215012148366462
669,674,Nagaland,Zunheboto,1948937305.3001077,308619.7276063505,125,0,122,0,2,140757.0,94.52084202083309,26.050132623385643
670,675,Meghalaya,West Garo Hills,3153745841.88029,366942.1855041338,878,199,677,2,2,518390.0,90.11212470260836,25.802230097231178
671,676,Meghalaya,East Garo Hills,2027785040.5643227,244511.3931554848,127,19,108,0,2,132257.0,90.69193972182487,25.617540343865485
672,677,Arunachal Pradesh,East Siang,2110245766.8287668,230047.31294823,626,118,505,3,2,99019.0,95.45225943629858,28.16901034160129
673,678,Arunachal Pradesh,Kurung Kumey,5538812981.217408,388281.6019025562,93,30,63,0,2,89717.0,93.05422603971094,27.8734655289075
674,679,Arunachal Pradesh,East Kameng,5566351186.062982,451310.2107111661,287,21,266,0,2,78413.0,93.00011905816137,27.57106764730618
675,680,Arunachal Pradesh,West Kameng,6395584435.124298,424977.0571326772,600,66,531,3,2,87013.0,92.70466399872642,27.293838639718825
676,681,Bihar,Lakhisarai,1491513520.8320658,254275.26147227985,2887,181,2698,8,1,1000912.0,86.07897169276718,25.140066570238027
677,682,Bihar,Sheikhpura,845452667.5322565,243275.92544297143,2473,146,2320,7,2,634927.0,85.8376868225156,25.132379231537456
678,683,Bihar,Arwal,783809625.5688357,210246.94983799304,1915,88,1819,8,1,699000.0,84.72643808804304,25.183193143700617
679,684,Bihar,Jehanabad,1151068029.7461836,250329.6957349985,3167,203,2955,9,1,1125313,85.04008316929908,25.157572922992138
680,685,Chhattisgarh,Mungeli,3251481024.6757483,488556.4458984076,1839,398,1437,4,2,701707.0,81.73960297648405,22.2043695768384
681,686,Madhya Pradesh,Agar Malwa,3535701081.2133455,420901.2352413058,411,21,382,8,1,480000.0,76.01053057085393,23.85840971106346
682,687,Meghalaya,South West Khasi Hills,1765348777.9470363,268090.95401630213,25,17,8,0,2,110152.0,91.07496120288536,25.296090007845084
683,688,Meghalaya,North Garo Hills,1465099638.7302015,277239.9521032928,66,18,48,0,2,118325.0,90.8142925876467,25.891742322735826
684,689,Meghalaya,South West Garo Hills,1076058351.515525,150121.36266563088,81,41,39,1,2,170794.0,89.96075676356364,25.53272370749906
685,690,Tripura,Khowai,1204653793.1885624,218085.48796404863,1681,126,1529,26,2,"327,391",91.65441507850288,23.96190689656028
686,691,Tripura,Unakoti,827079369.6662482,191409.6389089813,2109,554,1539,16,2,"277,335",92.03556118496618,24.21347552610842
687,692,Assam,Charaideo,1352678301.95174,261612.06481133238,113,2,105,6,2,325056.0,95.11568369289209,27.0900792966071
688,693,Assam,Majuli,995275738.9022721,214771.5706385811,165,82,80,3,2,167304.0,94.28288270422041,27.017620888879275
689,694,Assam,South Salmara-Mankachar,847855989.8192452,264719.6472031908,51,4,47,0,2,555114.0,89.99482694646248,25.798513051489035
690,695,Assam,Karbi Anglong,9128121979.520456,903285.0774860074,632,71,552,9,2,965280.0,93.32976725599566,26.195107891543596
691,696,Assam,West Karbi Anglong,3809976224.747204,488925.4792887157,39,1,37,1,2,813311.0,92.5283152403784,25.85443908501362
693,698,Arunachal Pradesh,Namsai,1717611160.169774,199586.18723107726,277,57,218,2,2,95950.0,95.8189964159137,27.634498272777268
694,699,Arunachal Pradesh,Longding,1181908403.2392035,206109.32307188708,186,22,164,0,2,6000024.0,95.2541724053392,26.878928421606034
695,700,Manipur,Jiribam,400972993.92575496,130651.063411852,177,175,2,0,2,43818.0,93.15439390527602,24.675764555375775
697,702,Manipur,Pherzawl,2565761798.0637035,312733.3175788776,33,18,15,0,2,47250.0,93.16659352960383,24.271306740548223
698,703,Odisha,Deogarh,3413895628.948686,450717.2874534665,779,129,649,1,2,312520.0,84.7982797520159,21.44271109258442
699,704,Ladakh,Kargil,20144529939.146267,1058773.7440776008,1729,275,1417,37,1,143388.0,76.82360337055383,33.59812962403551
700,705,Jammu and Kashmir,Kishtwar,12089660853.939957,662750.8207736328,1471,260,1200,11,2,231037.0,76.24332705161387,33.48233467185392
701,706,Jammu and Kashmir,Reasi,3046767052.775751,433432.84886103374,1098,194,898,6,1,314714.0,74.7559142415726,33.17227776846849
702,707,Himachal Pradesh,Lahaul and Spiti,19596841008.836426,1090818.406713094,176,53,123,0,2,31528.0,77.50714992706226,32.454732039771606
703,708,Himachal Pradesh,Kinnaur,8799546143.622648,616190.1857277908,206,21,183,2,2,84298.0,78.4216435777768,31.621871485968946
704,709,Arunachal Pradesh,Upper Siang,8863006016.275614,550669.56470103,162,23,139,0,2,33146.0,95.27070907374983,28.694814490292032
705,710,Arunachal Pradesh,Lower Siang,2242122761.785211,350249.6204705154,260,46,214,0,2,80597.0,94.50430637614507,27.701855777778896
706,711,Arunachal Pradesh,Dibang Valley,12577378776.42819,672728.7583091346,11,7,4,0,2,7948.0,95.56631659671277,28.838457438830652
707,712,Arunachal Pradesh,Lower Dibang Valley,4615056117.412895,455337.25495125604,233,37,196,0,2,53986.0,95.57294204860648,28.264808145853838
708,713,Arunachal Pradesh,Siang,4472923810.127839,433635.92179656704,54,8,46,0,2,31920.0,94.80897706540719,28.384097488575705
709,714,Jammu and Kashmir,Udhampur,3178078793.726253,371949.40323651046,2443,312,2109,22,1,555357.0,75.3063605338516,32.84909982136085
710,715,Bihar,Aurangabad,4025153508.7045045,415670.8242093533,3854,188,3656,10,1,2897013.0,84.3845761881301,24.695180607934642
711,716,Chhattisgarh,Bijapur,9880066459.688812,631292.2412263171,2215,380,1829,6,2,229832.0,80.86120672428123,18.68992621353725
712,717,Puducherry,Yanam,34278853.0615551,46212.834630335055,1765,143,1580,42,2,55626,82.23931978684092,16.734782089417358
713,718,Madhya Pradesh,Niwari,1618556433.9412055,528477.8624947774,343,13,329,1,2,23724.0,78.79193566470752,25.339543466259553
714,719,Telangana,Jayashankar Bhupalapally,3272978828.86075,373175.6831677368,1474,1474,0,0,1,711434.0,79.90511593883213,18.500805940578307
715,720,Telangana,Narayanpet,2586399864.3614783,367859.0178058661,844,843,0,1,1,41752.0,77.52767967219498,16.646863480827495
716,721,Arunachal Pradesh,Shi-Yomi,3442420525.6510267,274667.1046582876,26,2,24,0,2,13310.0,94.24362533796516,28.6146544028238
718,723,Arunachal Pradesh,West Siang,1749735750.2447634,236889.1298532429,640,267,373,0,2,112272.0,94.61502259092222,28.164640861380853
720,725,Arunachal Pradesh,Kamle,1672420910.602933,256025.73488117463,15,11,4,0,2,2225620.0,94.21843543174465,27.71905857999854
