,st_area(sh,st_length(,Confirmed,Active,Recovered,Deceased,Zone,Population,Temperature,Relative Humidity,Pressure,Wind speed,Wind direction,Rainfall,Snowfall,Snow Depth,Short-wave irradiation
0,13539669360.996515,846430.8152424421,50098,5387,43426,1285,-1,3679936.0,308.37,23.87,966.23,4.7,315.61,0.001023,0.0,0.0,7387.116
1,17713577305.771286,972005.60718845,82865,13676,67784,1405,-1,4993796.0,304.67,39.49,946.62,3.85,299.27,0.016242,0.0,0.0,6881.692
2,12945322585.541868,741024.4338459367,11822,3574,8091,157,0,2071101.0,309.31,23.72,979.54,0.56,279.09,1e-06,0.0,0.0,7552.757
3,15479400935.692009,1014941.8657990992,9472,1510,7702,260,-1,2077144.0,309.29,20.82,969.33,1.24,300.1,1e-06,0.0,0.0,7178.965
4,11863874089.417131,1131732.187900762,17148,4312,12390,446,0,2876259.0,308.89,22.19,961.3,0.42,358.68,2.8000000000000003e-05,0.0,0.0,6800.252
5,17512052860.50362,1086957.107352183,308434,57926,244434,6073,-1,7224224.0,304.01,43.88,940.1,3.84,318.69,0.100637,0.0,0.0,6956.323
6,6565447726.578529,732974.6554657237,40980,2337,38316,327,0,2699471.0,304.02,62.13,990.22,1.82,191.0,1.069719,0.0,0.0,7102.106
7,12883992501.104122,1056722.1485516557,51680,2913,48308,459,0,4288113.0,301.87,63.13,956.16,1.93,279.89,0.744061,0.0,0.0,7069.804
8,6048725116.620293,576381.4441949631,6640,396,6081,159,0,1703300.0,308.11,27.08,944.49,0.35,222.42,0.002565,0.0,0.0,7139.315
9,12077699812.133814,940252.8199506457,18182,2193,15699,290,0,2566326.0,308.79,27.74,953.26,0.85,224.73,0.008529,0.0,0.0,7030.346
10,9475626503.43782,990449.0649364956,41147,7091,32774,1282,0,2583524.0,304.88,41.45,939.14,3.29,303.31,0.0744,0.0,0.0,7194.216
11,9576531627.085579,897633.0251466314,30311,2733,27097,481,-1,4529009.0,306.48,50.7,1000.41,1.96,177.16,0.260716,0.0,0.0,7312.608
12,5776520262.9722395,575750.2860645528,9259,1045,8158,56,1,1174271.0,308.65,30.04,960.14,1.02,219.98,0.023226,0.0,0.0,7133.006
13,7147971190.345554,696275.6727955729,11288,671,10501,116,0,1889752,305.01,43.06,943.64,2.83,272.72,0.354258,0.0,0.0,6783.504
14,12447167546.022331,840955.6083621639,58106,5178,52377,551,-1,4889230.0,307.16,46.33,999.99,2.43,165.29,0.197156,0.0,0.0,7259.22
15,14316977386.78281,1019745.9346136716,103246,9051,93642,553,0,5151549.0,304.16,61.61,986.57,1.34,227.28,0.6872699999999999,0.0,0.0,7297.688
16,19113798621.070427,875962.5602974489,52411,4611,47294,506,0,3392764.0,307.23,41.71,990.53,2.15,149.39,0.11241099999999998,0.0,0.0,6632.946
17,19139870745.1592,947241.6209140336,57425,1623,55330,472,-1,4046601.0,306.84,37.63,967.0,1.07,178.58,0.05454199999999999,0.0,0.0,6336.412
18,5041393184.622803,587894.3612415643,9742,607,9000,135,0,1064570.0,303.21,51.95,941.85,2.2,275.47,0.724874,0.0,0.0,6685.483
19,9132577172.894476,816596.2481057881,33763,2850,30428,485,0,2452595.0,304.34,49.87,949.05,1.51,265.09,0.5616979999999999,0.0,0.0,6998.606
20,4607790251.703926,488996.9464859017,18393,2630,15251,512,0,1847023.0,302.47,55.45,943.41,1.79,278.81,1.317965,0.0,0.0,6038.109
21,2367914623.587218,328620.2765216249,3511,1978,1407,126,1,639962.0,302.52,67.75,985.23,2.43,298.32,1.7207580000000002,0.0,0.0,5653.806
22,14177735248.66179,696336.729795786,55447,2275,52711,461,-1,2966082.0,306.38,46.92,994.29,2.02,146.3,0.189416,0.0,0.0,6895.092
23,9027409729.356993,701685.492824682,8842,1785,7019,38,1,1659456.0,302.61,55.85,937.9,0.7,289.36,1.165798,0.0,0.0,6690.61
24,6351903661.0805435,613890.3637227877,17537,1818,15476,243,1,1945497.0,302.32,56.95,939.22,1.58,288.33,2.240308,0.0,0.0,6135.644
25,3806295226.7900853,386810.9689237111,18810,1955,16692,163,1,1177361.0,301.79,70.11,974.38,2.26,308.41,3.8958839999999997,0.0,0.0,4360.74
26,4517226240.626249,510730.9365195221,8435,1484,6864,86,0,1255104.0,302.09,53.65,925.78,0.62,88.17,0.75926,0.0,0.0,7010.083
27,7219958013.74999,673534.8668663462,20014,4220,15468,326,1,1776421.0,299.33,68.05,921.97,0.87,303.59,4.537192,0.0,0.0,5296.026
28,4220912374.0624633,515279.4209428069,6659,1434,5122,103,1,1536401.0,301.39,56.08,924.02,0.91,79.22,0.622057,0.0,0.0,6832.386
29,2439791151.072402,507401.7201610936,11521,2092,9329,100,-1,990923.0,301.54,55.02,918.64,0.76,71.44,1.485784,0.0,0.0,6784.602
30,5149142756.188378,500949.6269048604,25572,4390,20586,594,0,2089649.0,301.0,73.07,967.74,1.74,305.1,5.478257,0.0,0.0,4297.066
31,2326321010.4237924,342705.1072356318,267362,60197,203931,3233,-1,9621551.0,301.56,55.18,919.35,0.76,64.77,1.705572,0.0,0.0,6703.653
32,6426510596.2267,812498.5048450809,15868,883,14724,261,-1,3936331.0,303.3,55.39,964.78,1.03,109.91,0.198478,0.0,0.0,6831.623
33,187443431.53004903,78017.79729082737,178108,13283,161477,3348,-1,4646732.0,303.65,70.75,1004.56,2.91,172.98,1.277525,0.0,0.0,4787.837
34,4740439780.944522,456820.9152612463,23120,880,21899,341,-1,3998252.0,303.82,65.96,1000.33,2.07,161.6,0.87977,0.0,0.0,5498.902
35,2078638107.8531718,382258.96549689927,13559,4343,9151,61,0,1302600.0,301.83,75.96,988.72,2.53,308.83,6.134566,0.0,0.0,3836.06
36,6530116655.285573,733920.9013439559,16289,740,15309,240,0,2464875.0,303.93,56.58,980.91,1.19,116.32,0.31846399999999997,0.0,0.0,6697.413
37,2240878255.4504037,292261.79688415496,4519,1142,3372,5,1,816558.0,300.22,68.39,939.77,0.84,315.12,6.758334,0.0,0.0,5602.208
38,6275859637.315813,624960.5399084836,7837,1073,6668,96,0,2251744.0,303.68,50.89,951.67,0.56,341.39,2.078502,0.0,0.0,6304.884
39,2451415831.17842,298776.5651785823,26783,10218,16474,85,0,3089543.0,301.59,72.65,973.35,1.95,303.48,7.557461999999999,0.0,0.0,5545.372
40,4908706723.1684675,553129.2812633485,35933,4764,30690,479,0,3458045.0,302.31,59.12,952.36,1.36,288.01,3.2814769999999998,0.0,0.0,6581.303
41,2205896015.1796627,440655.7835980409,8099,683,7338,78,-1,1264277.0,305.13,58.61,1005.16,2.24,155.51,0.673474,0.0,0.0,5918.535
42,3147925914.5556545,397475.6111184861,19144,8390,10689,59,0,3110327.0,303.13,67.4,989.64,2.49,283.61,4.646624,0.0,0.0,6747.866
43,4518943973.13705,570539.47508923,4628,1300,3321,5,0,1108974,301.52,61.62,946.67,1.12,291.11,3.7387080000000004,0.0,0.0,6520.429
44,3170928906.586809,412906.02835219045,25221,11698,13436,79,1,3279860.0,301.8,66.97,964.93,2.01,287.51,4.909957,0.0,0.0,6589.991
45,3846793645.6228476,559348.2379135479,17214,714,16105,395,-1,3038252.0,304.46,53.92,978.09,0.74,114.17,0.8689959999999999,0.0,0.0,6632.417
46,2971530529.2686725,348226.7174253666,15425,469,14773,183,0,1245899,301.97,54.22,931.73,0.8,0.54,0.52561,0.0,0.0,6598.636
47,1465198432.9431894,299423.69074025465,18459,5549,12849,53,0,2121943.0,302.91,68.84,991.94,2.88,290.16,3.1136790000000003,0.0,0.0,6363.396
48,2282534811.725041,321896.9750139072,13807,4934,8845,28,-1,1979384.0,302.18,65.25,969.38,1.98,289.02,3.7640480000000003,0.0,0.0,6420.502
49,2738525758.349063,406371.5876651089,9961,2946,7008,6,0,1195537.0,302.34,65.83,974.99,2.1,283.9,3.6584239999999997,0.0,0.0,6330.345
50,4809175078.244572,528683.262103781,13916,507,13286,123,0,1750176.0,304.86,58.92,1000.04,2.08,212.23,0.795859,0.0,0.0,5749.442
51,2564589639.875364,349910.2001201331,19581,8770,10737,70,0,2629703.0,302.63,67.86,987.58,2.57,276.06,3.691044,0.0,0.0,6158.679
52,2247285799.2792354,286375.49875221483,41938,11695,29917,291,0,3307284.0,303.09,67.1,992.43,3.03,275.45,2.3899790000000003,0.0,0.0,6020.771
53,1735249881.8434374,259327.4406314196,13504,828,12446,230,0,1870374.0,303.38,66.04,993.87,3.32,260.46,1.3191979999999999,0.0,0.0,6200.086
54,9213436318.34489,695451.1389353261,71917,5574,65877,466,0,3934782.0,305.31,56.58,995.11,1.31,198.62,0.423957,0.0,0.0,7336.126
55,3668170654.7248244,527174.2103448,2926,616,2301,9,1,719065.0,303.49,51.07,956.39,0.91,209.39,0.29767899999999997,0.0,0.0,7088.975
56,5762083248.699779,505207.61286750133,1652,402,1240,10,1,578326.0,303.39,40.9,943.9,0.97,287.81,0.025596,0.0,0.0,7285.694
57,3362031460.407383,319408.7830479125,36235,9491,26276,468,-1,2160876.0,305.43,37.61,973.31,0.48,343.58,4.3e-05,0.0,0.0,7248.459
58,2657125882.9021287,374366.3428235219,12938,2418,10372,148,1,1721726.0,306.26,32.62,970.68,0.87,329.86,5.3e-05,0.0,0.0,7229.516
59,4815896846.117864,474036.4927453579,198452,31770,161616,5065,-1,8131849.0,304.48,52.37,982.19,3.32,298.8,0.175218,0.0,0.0,6937.797
60,4522538570.187338,410127.8722632861,1783,1768,15,0,0,708972.0,308.93,22.96,968.28,0.41,316.67,9e-06,0.0,0.0,7008.191
61,2382569543.708867,316338.23162630026,9311,9295,16,0,0,1005711.0,308.2,31.13,972.04,1.18,180.72,0.000321,0.0,0.0,7078.531
62,5009281181.042455,648371.9508718593,6555,6552,3,0,0,1401639.0,306.61,46.75,992.36,1.73,171.88,0.15276700000000001,0.0,0.0,7352.475
63,2998842126.8481803,371679.3714739736,3432,3424,8,0,0,1486777.0,307.07,32.76,954.56,1.42,182.22,0.014676,0.0,0.0,6707.328
64,7910053778.563592,499066.3868769947,8165,8153,12,0,0,1618416.0,306.98,38.39,971.8,1.62,164.03,0.013683,0.0,0.0,7153.408
65,2723054908.501145,372435.8587093175,3476,487,2980,9,1,610183.0,305.17,40.67,983.95,1.09,337.69,0.005592,0.0,0.0,7474.387
66,4415655480.4869175,679379.0232232617,22532,2277,20169,86,1,2624470.0,303.53,64.28,1000.71,1.52,169.53,0.77904,0.0,0.0,7245.979
67,9143813608.39957,696490.5965381698,4972,389,4559,24,1,733110.0,303.58,43.42,956.39,1.26,345.74,0.011434,0.0,0.0,7600.572
68,3293100620.883161,696394.9347983672,42280,4835,37276,169,0,2251673,303.69,65.07,1001.77,2.17,180.01,0.5856020000000001,0.0,0.0,7249.451
69,1978904790.1792905,287538.00387400604,5867,612,5242,13,1,1136971,302.29,75.99,1006.71,2.69,186.46,2.154109,0.0,0.0,7069.777
70,19276813052.036892,1461739.4257815396,47249,9177,37350,722,0,4088077.0,305.54,34.73,940.34,3.94,330.79,0.012299,0.0,0.0,7194.06
71,159725749.89086846,76521.2649582103,219961,26544,183742,9248,-1,3326837.0,303.16,68.19,1003.51,3.96,301.38,0.301313,0.0,0.0,6847.397
72,1549627781.1652615,283353.0477886213,2668,1639,964,65,1,817761.0,303.03,64.1,984.95,3.02,295.6,1.2704520000000001,0.0,0.0,6153.913
73,1826501327.1462,312770.4318363633,1951,97,1834,20,0,565223,305.62,47.92,986.88,1.74,114.23,0.338686,0.0,0.0,6646.042
74,5190013542.216722,680906.8881771283,9499,1156,8189,154,-1,2479052.0,305.05,48.57,968.68,0.88,293.24,1.058527,0.0,0.0,6507.395
75,211377521.5989084,103800.6004700974,63283,62955,305,23,-1,3943323.0,306.32,35.16,949.57,1.37,179.66,0.006381,0.0,0.0,7160.051
76,3217130245.8741717,304021.4867592057,3947,3945,2,0,0,1506843.0,308.54,27.13,968.43,0.36,173.35,4.5e-05,0.0,0.0,6922.087
77,2539364242.059119,313627.7973629322,2486,2485,1,0,0,566376.0,307.11,36.47,969.18,1.72,177.23,0.003061,0.0,0.0,7235.55
78,4411928858.118622,466705.62113031576,3445,3444,0,1,0,807037.0,308.68,29.16,980.04,0.47,173.15,0.001628,0.0,0.0,7079.073
79,1189279046.0673516,225510.24157913146,12428,12418,9,1,-1,2440073.0,306.28,35.61,950.35,1.34,179.05,0.004293,0.0,0.0,7209.236
80,3744482872.283613,362667.29249548353,738,28,685,25,0,757847.0,309.07,18.06,966.33,3.12,319.56,3.2e-05,0.0,0.0,7260.826
81,7254509564.374716,542747.0572012535,5236,1676,3465,94,1,1230640.0,308.69,23.2,970.79,1.31,297.66,4e-06,0.0,0.0,7239.682
82,11157982636.6539,807002.8239181949,8762,2966,5664,132,0,2232480.0,308.03,20.09,956.98,3.47,322.19,1e-06,0.0,0.0,7495.388
83,3374803164.1078877,540727.0063777982,1201,43,1149,9,0,1703068.0,305.04,53.44,994.3,2.99,262.71,0.134431,0.0,0.0,7219.649
84,6239547045.289639,655851.9525282528,7762,939,6576,246,-1,1818617.0,308.79,19.2,964.95,1.95,310.53,2.5e-05,0.0,0.0,7146.307
85,16494623501.424278,997944.535562728,2977,801,2159,17,1,970294.0,307.12,30.76,972.42,0.3,266.49,0.0018969999999999998,0.0,0.0,7583.3
86,5541291411.638645,582693.7322468663,3250,613,2573,64,0,987160.0,308.66,20.33,958.11,1.51,340.54,4e-06,0.0,0.0,7155.542
87,6907371103.989055,881094.0042453121,36587,2011,34354,222,1,2342868.0,303.27,56.91,965.87,0.87,290.66,0.345292,0.0,0.0,6869.16
88,8034782818.265489,577198.4206296577,18715,3803,14380,532,0,2080285.0,308.28,24.16,944.99,0.62,330.31,0.001534,0.0,0.0,6986.315
89,16486706441.687159,1339132.9674875413,38683,5413,32045,1224,-1,3849543.0,307.62,28.69,947.87,2.84,331.13,0.006131,0.0,0.0,7413.858
90,11603435475.823185,742474.3772837473,40905,7984,31740,1179,-1,2796906.0,303.97,44.71,938.25,3.55,314.15,0.127057,0.0,0.0,6986.15
91,9133017792.75673,814996.5969054031,9008,1940,6772,296,0,1696777.0,302.99,63.54,982.59,4.09,306.67,0.457298,0.0,0.0,6810.582
92,8416073819.33511,981307.2035599528,45197,4828,38943,1426,0,3515413.0,303.17,53.53,953.75,3.58,289.95,0.417889,0.0,0.0,6549.263
93,14621548325.827318,1141904.84099023,20760,1507,18943,310,0,4779661.0,303.24,49.49,939.0,3.26,285.33,0.433846,0.0,0.0,6445.458
94,9197327618.744982,570202.3925033353,12331,1222,10969,140,1,1928812.0,308.07,32.49,960.73,1.04,231.53,0.043894,0.0,0.0,7063.378
95,6036242451.615291,564231.4076290581,12235,1218,10771,246,1,1389920.0,304.84,45.37,947.19,2.35,269.24,0.42466800000000005,0.0,0.0,6837.502
96,11056813045.725864,807048.2201068203,10716,2084,8508,124,0,1437169.0,301.84,67.01,969.02,1.6,293.65,2.805286,0.0,0.0,5120.164
97,5187074540.385383,487974.7723256697,9269,1209,7890,170,1,1597668.0,302.12,59.22,947.0,1.6,286.57,2.464188,0.0,0.0,5860.129
98,20526025007.407543,1472203.9793929881,59638,1472,57653,513,0,4083315.0,304.09,50.75,951.97,0.47,177.55,0.2079,0.0,0.0,7241.189
99,9061860997.793972,775321.7368006762,18251,2871,15068,312,1,1752753.0,301.26,65.1,949.34,1.46,289.27,3.320792,0.0,0.0,5275.042
100,7660951117.320702,610999.503872837,10032,1444,8461,127,1,1137961.0,299.18,69.94,924.5,0.67,287.83,4.18685,0.0,0.0,5166.026
101,4331947102.649507,479561.5229269069,3345,684,2615,46,1,554519.0,299.63,71.61,938.39,0.94,305.76,6.776816,0.0,0.0,4906.905
102,4729780489.44101,532518.1183093565,4382,724,3626,32,0,1506843.0,308.54,27.13,968.43,0.36,173.35,4.5e-05,0.0,0.0,6922.087
103,5936966023.483511,604931.7016451247,4839,1061,3683,84,1,1020791.0,300.86,59.03,924.43,0.85,349.37,3.1720330000000003,0.0,0.0,6043.597
104,5494393377.632179,704432.4470045271,22408,2306,19737,365,0,3482056.0,304.93,48.1,966.01,1.29,93.99,0.20443499999999998,0.0,0.0,6816.954
105,3710886919.141331,409487.626369617,30126,7880,22149,90,0,4110956.0,301.8,69.93,971.31,1.97,293.72,5.9706220000000005,0.0,0.0,6163.409
106,4689782068.379453,805262.2904773104,11149,696,10297,156,0,2722290.0,305.83,48.08,988.25,1.34,124.42,0.518566,0.0,0.0,6537.089
107,4671519967.852761,551293.2725954339,15737,5944,9753,39,0,2810892.0,302.09,65.91,966.61,1.87,286.17,4.770187,0.0,0.0,6528.876
108,3560887891.271549,650915.1605407646,13108,1243,11670,195,-1,2405890.0,305.48,55.37,1003.06,2.12,153.08,0.6764939999999999,0.0,0.0,6187.663
109,3028074368.4897914,469587.80215223966,3433,406,2986,41,0,1064493,305.54,48.29,980.61,0.61,117.63,0.578442,0.0,0.0,6519.431
110,7067608691.612055,670561.9593060795,13300,750,12350,200,0,3077233,304.0,57.75,983.28,2.04,248.33,1.1610200000000002,0.0,0.0,6456.895
111,2875538132.293899,373396.9025406232,5765,618,5128,19,-1,1506522.0,301.82,75.28,1001.83,1.83,169.06,2.341048,0.0,0.0,6980.167
112,5127621846.400225,444270.1728864575,4230,498,3722,10,0,1192811.0,303.53,59.68,990.61,0.8,142.0,0.560473,0.0,0.0,7317.571
113,3333571602.236064,481374.7944751212,9214,1061,8140,13,-1,1827192.0,302.22,70.98,999.2,1.52,162.0,1.662709,0.0,0.0,7076.064
114,8979889302.839067,690909.0436732791,3839,692,3134,13,0,1576869.0,304.25,39.59,958.67,1.28,337.01,0.012662999999999999,0.0,0.0,7433.24
115,3920155827.7516475,531908.4165947239,11063,1349,9646,68,1,1698730.0,303.38,68.34,1003.77,2.64,184.2,0.867785,0.0,0.0,7204.35
116,9377159339.690668,846475.1544728405,6513,428,6073,12,0,1379647.0,301.59,53.46,935.23,1.72,308.98,0.250396,0.0,0.0,7130.058
117,6412819337.721957,530604.0391774832,4024,371,3638,15,1,613192,302.35,61.34,959.56,0.92,227.15,0.515109,0.0,0.0,7292.884
118,3605372356.4216685,694276.2346342193,34154,1610,31971,573,-1,3728104.0,304.03,61.45,993.73,1.86,161.36,0.651237,0.0,0.0,6082.578
119,5412152710.845502,648984.072099149,5218,751,4392,75,1,1879809.0,302.76,53.6,940.06,1.08,85.05,0.311544,0.0,0.0,6838.232
120,2684597691.132262,336206.37423057057,5032,813,4190,29,0,735394.0,300.23,63.65,927.6,0.8,333.39,4.855705,0.0,0.0,5913.186
121,3577824356.9545507,429903.70446090534,6669,1035,5548,86,-1,1726601,305.61,46.99,976.4,1.08,103.28,0.26966100000000004,0.0,0.0,6642.321
122,2027040246.700736,264777.14121168863,4007,200,3764,43,0,754894,305.65,51.95,998.93,1.81,130.38,0.43095500000000003,0.0,0.0,6436.428
123,6291036808.307407,651717.7842241195,9196,401,8624,171,0,2159775.0,304.19,50.98,963.33,0.19,14.21,0.647926,0.0,0.0,6509.267
124,4390123296.860071,576490.5643378623,14702,222,14266,214,-1,2105930.0,304.62,55.67,986.75,0.93,166.56,0.578642,0.0,0.0,6582.171
125,4179644293.257032,505412.9679030082,4162,4154,8,0,0,972625.0,308.18,27.32,954.82,0.47,171.49,0.000103,0.0,0.0,7242.069
126,3949569843.001125,398529.79555985046,3924,3923,1,0,1,774549.0,307.23,39.85,982.12,1.96,174.23,0.031682,0.0,0.0,7296.588
127,3054477139.2295427,439601.2158161961,2434,2430,4,0,0,767428.0,307.47,29.72,950.07,0.83,182.39,0.000793,0.0,0.0,7371.979
128,6998868047.722541,564478.3121058594,2807,2805,2,0,1,893308.0,306.86,35.3,961.39,1.29,160.36,0.026337,0.0,0.0,6565.891
129,6121473322.223382,615679.2689970527,7815,1299,6426,90,1,1200151.0,307.78,24.88,970.82,0.92,305.71,1.7e-05,0.0,0.0,7397.988
130,4647456193.15371,581460.477693959,6694,1880,4678,136,0,1135835.0,308.26,24.67,973.02,0.84,299.08,3e-06,0.0,0.0,7430.786
131,5500917504.988361,574717.8769857141,2826,576,2218,32,1,1032754.0,305.18,36.96,973.33,0.81,328.32,0.00043099999999999996,0.0,0.0,7526.07
132,4411778338.8136,460259.5444230784,3890,702,3187,1,1,610382.0,304.8,36.92,963.32,1.12,328.95,0.000117,0.0,0.0,7461.007
133,7493608488.22605,616441.5724692274,5068,772,4272,24,1,1648997.0,305.33,37.53,977.35,1.2,340.73,0.000267,0.0,0.0,7569.527
134,3562376030.061345,441865.8873616228,2083,221,1856,6,1,441162.0,304.13,43.06,969.96,1.07,333.86,0.027245,0.0,0.0,7510.373
135,5868109475.209134,632834.774172664,4877,700,4081,95,1,1020216.0,308.54,20.06,960.35,1.82,314.38,2e-06,0.0,0.0,7297.067
136,8716776706.801744,741899.4840381739,8179,1444,6511,224,0,1612357.0,307.53,22.58,948.87,4.02,335.87,6e-06,0.0,0.0,7507.819
137,4445520218.4542,471128.6597791525,5233,458,4739,36,1,962789,304.46,54.38,990.78,0.54,169.3,0.340357,0.0,0.0,7376.329
138,8198092476.045771,701122.9040413385,2606,714,1876,16,1,651333.0,305.38,33.86,955.64,0.91,284.73,0.000177,0.0,0.0,7582.602
139,6178672784.60974,602075.8723537291,4212,559,3644,9,1,1220946.0,303.14,42.77,948.71,0.92,303.25,0.024591,0.0,0.0,7104.342
140,8277772382.5482645,854248.6731238427,7704,206,7459,39,1,967911,303.74,45.61,953.17,1.21,345.05,0.1113,0.0,0.0,7410.757
141,4406116940.257336,457517.0810222382,1480,223,1256,1,1,140206.0,304.25,41.2,951.33,0.54,268.59,0.0274,0.0,0.0,7502.147
142,6913509062.634924,610305.4864523994,5919,1517,4182,220,0,1527715.0,308.71,20.47,955.3,2.01,344.39,2.3e-05,0.0,0.0,7259.864
143,11916010933.54125,997856.6292452532,11514,2929,8264,321,0,3116045.0,307.65,23.64,944.43,4.09,349.17,7.000000000000001e-06,0.0,0.0,7503.197
144,8439278259.339445,839450.9745747484,13557,3016,10139,402,1,1486586.0,307.86,24.23,943.28,2.2,341.87,0.000442,0.0,0.0,7245.732
145,5540548304.058039,708021.9887612975,4304,1053,3141,110,1,868825.0,303.75,59.35,984.56,3.49,298.04,0.688874,0.0,0.0,6722.245
146,6292335775.790525,571351.5272552399,4085,447,3616,22,1,1302253.0,302.86,49.78,948.62,1.0,250.46,0.219973,0.0,0.0,6997.909
147,5539607763.940753,557152.7724140525,1729,216,1496,17,1,597653.0,304.53,37.17,958.33,1.01,319.78,0.0005679999999999999,0.0,0.0,7388.331
148,4771753878.787744,423591.5333304713,1563,1561,2,0,1,294671.0,306.98,41.71,983.68,1.62,175.02,0.080165,0.0,0.0,7271.441
149,2801771861.2856045,290541.06600054185,2685,2659,25,1,0,609990.0,307.82,32.86,966.09,1.17,177.14,0.017297999999999997,0.0,0.0,6667.28
150,5046937510.7162895,499288.52570144966,1027,1025,2,0,0,515812.0,308.76,26.96,978.26,0.1,175.66,0.000505,0.0,0.0,7207.997
151,4718745405.008156,371937.740250921,6272,6242,30,0,0,1571022.0,308.61,25.5,961.49,0.24,148.45,3.4e-05,0.0,0.0,6994.203
152,4031454932.274368,387584.4203428496,5458,5457,1,0,1,1012065.0,307.07,33.23,958.05,1.2,180.29,0.000398,0.0,0.0,7223.033
153,3955376278.8738227,365322.8937875207,4809,4785,24,0,-1,1099560.0,307.37,40.55,986.63,1.91,168.39,0.030799,0.0,0.0,7356.676
154,1444769233.5838115,228086.03571223386,8242,8219,23,0,-1,1080858.0,307.54,35.62,974.39,1.82,180.38,0.005993,0.0,0.0,7200.208
155,5869856430.102553,686896.9204743417,38900,6596,31378,926,-1,2990116.0,303.74,62.54,998.57,3.67,282.5,0.26458899999999996,0.0,0.0,7038.296
156,16460401958.446556,830183.7898092655,46422,3125,42909,388,0,2884524.0,305.68,45.59,970.68,0.74,168.3,0.111172,0.0,0.0,6644.43
157,11278737340.004906,1117442.066599646,15922,3225,12420,277,0,2678980.0,301.78,57.4,927.01,0.4,14.76,0.9865219999999999,0.0,0.0,6522.864
158,15959598523.765781,1325441.6906371894,67362,6610,60065,687,-1,4170468.0,303.14,52.85,952.14,0.87,122.98,0.159994,0.0,0.0,6906.313
159,6643499898.630444,695017.7882667215,40232,7123,32257,852,-1,3001127.0,300.28,62.71,924.26,0.79,331.62,4.521514,0.0,0.0,5779.784
160,7561319021.440522,920117.7771388072,12311,507,11704,100,0,3458873.0,304.87,56.47,997.14,1.53,123.57,0.423617,0.0,0.0,6555.044
161,3108325695.6614857,346881.9521736893,15388,5770,9555,60,-1,2525637.0,301.06,74.83,969.97,1.75,306.66,8.201317999999999,0.0,0.0,4969.123
162,4848236278.170932,672917.2589948933,9711,619,8946,146,0,1618345.0,305.57,54.1,999.32,2.05,154.56,0.801595,0.0,0.0,6354.988
163,4249565620.5783477,787898.9393820339,5408,201,5085,122,0,1339101.0,305.26,55.21,995.62,1.89,156.19,0.964476,0.0,0.0,6455.515
164,17984352448.773533,1186656.325664402,2061,191,1854,16,0,2041172.0,307.25,23.2,974.39,3.09,250.46,0.0,0.0,0.0,7300.555
165,2372167627.7097816,363855.0862612462,2736,237,2471,28,0,956907.0,306.76,27.99,978.46,1.06,282.57,0.0,0.0,0.0,7471.829
166,5352197818.607739,595732.6633885214,10970,1050,9774,146,-1,3598701.0,301.95,52.91,984.58,2.53,92.69,0.201799,0.0,0.0,6543.261
167,4890952064.519468,688990.0169170257,3562,143,3350,69,0,1643788.0,300.53,60.92,984.69,2.21,98.37,0.370666,0.0,0.0,6212.692
168,174920314.6372091,87103.57715221729,122,122,0,0,-1,2531583.0,306.15,31.5,979.52,0.46,283.97,0.000161,0.0,0.0,7414.691
169,57149646.36206693,34869.90319976855,38,38,0,0,-1,1707725.0,305.87,33.32,980.4,0.27,275.58,0.000271,0.0,0.0,7375.4
170,120270537.18838774,87017.1898657004,184,184,0,0,-1,578671.0,305.93,33.08,980.01,0.31,271.79,0.00040599999999999995,0.0,0.0,7378.279
171,1834020474.7149594,359300.1371106025,14531,1548,12927,56,-1,1191263.0,305.68,34.29,982.25,0.09,343.0,0.000454,0.0,0.0,7367.136
172,9921483672.626278,797058.5889118104,5919,870,4991,58,1,3200137.0,301.91,52.93,989.34,1.81,104.86,0.143477,0.0,0.0,6386.391
173,1619861258.2143002,280990.9643691145,22675,2299,20195,181,0,1514085.0,306.42,29.13,978.65,0.84,297.33,0.0,0.0,0.0,7452.813
174,992041646.4242604,186888.07089012122,21034,937,19867,230,-1,1798954.0,305.87,32.89,981.32,0.29,305.48,1e-06,0.0,0.0,7393.124
175,2019357118.4085464,326076.68083150266,6169,486,5650,33,1,896129.0,306.9,25.88,975.19,1.7,289.16,0.0,0.0,0.0,7444.934
176,1937247577.6355238,389434.8801122229,1189,78,1087,24,0,1089406.0,306.48,28.33,978.8,1.12,307.32,0.0,0.0,0.0,7453.996
177,9868630602.070488,831427.683047515,4469,242,4189,38,0,2677737.0,305.9,24.11,959.4,3.37,271.14,0.0,0.0,0.0,7102.216
178,10733421871.212635,1025892.9847022169,11983,545,11392,46,0,3671999.0,306.81,24.88,971.28,2.16,301.21,0.0,0.0,0.0,7242.262
179,4301699934.935251,509783.045903276,9486,7001,2409,76,1,1327748.0,299.34,64.39,974.19,0.31,317.85,0.948427,0.0,0.0,6560.427
180,4772192402.981071,575171.0207400075,8717,620,8058,39,-1,3690388.0,305.71,34.23,984.0,0.33,77.77,0.000365,0.0,0.0,7359.375
181,14082380055.294012,969634.1558595364,24571,9213,15029,329,-1,6663971.0,305.71,25.37,961.14,3.65,283.07,0.0,0.0,0.0,6987.198
182,28556964765.73136,1185635.3166035241,22501,4963,17387,151,-1,3685681.0,307.84,18.34,976.23,5.42,259.69,0.0,0.0,0.0,7698.491
183,6430485431.223785,836600.5301115492,4618,196,4338,84,-1,2549121.0,306.96,26.42,981.07,1.39,325.04,0.0,0.0,0.0,7302.645
184,22535989323.918262,1097482.1791440044,3865,74,3742,49,-1,3309234.0,306.32,22.87,967.8,4.43,260.81,0.0,0.0,0.0,7494.846
185,2779411957.5624237,394065.3000807167,3440,864,2531,45,1,1577237.0,304.66,38.61,988.73,1.05,86.73,0.0033469999999999997,0.0,0.0,7195.878
186,6627885981.716919,545933.7884607676,5087,292,4779,16,1,3935042.0,301.0,62.88,994.66,2.33,101.74,1.451648,0.0,0.0,5179.881
187,3680721806.7233796,477085.7260257534,3325,311,2977,37,1,2038598.0,301.4,56.55,991.59,2.05,83.38,0.553579,0.0,0.0,6125.415
188,3737070034.148085,461447.21685151453,4935,356,4502,77,1,2167041.0,301.16,59.8,992.44,2.07,81.62,1.197592,0.0,0.0,5782.858
189,4338227996.143073,356664.9528848081,2548,814,1727,7,1,1925975.0,298.5,66.06,963.1,0.54,284.23,1.808932,0.0,0.0,6206.714
190,2563481713.894229,371183.79848770227,8634,803,7716,115,-1,1797422.0,295.7,71.91,919.72,1.31,151.1,6.856495,0.0,0.000573,6403.868
191,4310939215.760389,588423.2637127751,1179,120,1049,10,0,1637226.0,307.06,23.91,971.34,2.86,294.82,0.0,0.0,0.0,6912.637
192,3190762851.6413627,424088.0993980296,56656,5489,50412,755,-1,3681416.0,303.74,42.45,992.19,1.55,119.78,0.00744,0.0,0.0,7085.991
193,3511407052.7310147,425200.6924988239,3910,424,3411,75,0,2068922.0,302.27,53.75,996.6,1.78,85.82,0.191145,0.0,0.0,6621.817
194,4185732452.8429604,627008.3440429362,16728,1805,14653,270,0,3784720.0,302.31,55.1,997.45,1.7,84.33,0.374744,0.0,0.0,6601.53
195,3223842941.791866,678381.1226578003,4515,1993,2506,16,1,2826007.0,299.84,64.0,981.03,0.59,290.72,1.171445,0.0,0.0,6332.573
196,4986852498.411746,539281.1510061279,6929,460,6432,37,0,5099371.0,301.05,63.01,995.89,2.61,106.0,1.140906,0.0,0.0,4978.428
197,35136853798.78998,1191299.4491512126,2924,170,2724,30,0,2604453.0,308.54,19.23,988.81,5.49,259.71,0.0,0.0,0.0,7777.866
198,1887138455.0252407,252250.56956293434,638,74,557,7,0,957853.0,299.44,66.33,977.71,0.92,293.82,1.298691,0.0,0.0,6553.268
199,3864430066.3477774,594730.9971162375,4590,2491,2074,25,1,1517202.0,299.57,68.66,983.74,0.79,258.37,1.3443479999999999,0.0,0.0,6779.204
200,1360853222.4183092,328460.29013080115,1303,464,834,5,1,2060550.0,299.96,69.83,996.11,0.45,268.69,1.009837,0.0,0.0,6979.049
201,2752071144.151701,434022.60933503724,3498,50,3437,11,1,3423574.0,301.32,61.86,999.31,2.66,110.51,0.951253,0.0,0.0,4815.984
202,4182807464.906079,495593.7599904072,1687,1674,13,0,0,709418.0,308.79,23.98,965.04,0.07,31.89,2.7000000000000002e-05,0.0,0.0,6828.032
203,2476749597.6441393,255006.31835269555,3971,3970,1,0,1,795332.0,308.53,30.95,979.22,1.05,179.84,0.0015810000000000002,0.0,0.0,7059.572
204,5501801650.225718,571591.7709605427,17196,17177,17,2,-1,2446265.0,306.28,35.57,950.56,1.44,178.35,0.010288,0.0,0.0,7015.926
205,4920613914.82014,665846.3338725647,5561,5555,6,0,0,1527628.0,307.55,29.33,947.54,0.83,186.8,0.0018210000000000001,0.0,0.0,7323.222
206,3991079844.3195953,437734.99467631103,1484,1468,15,1,-1,927140.0,307.26,30.98,947.45,1.3,191.95,0.007031,0.0,0.0,7069.011
207,8796819511.087929,2860637.1803000523,19083,1773,16954,356,-1,8153176.0,301.24,76.71,1008.02,2.4,194.03,3.467305,0.0,0.0,6495.996
208,2453221236.884097,1495688.9408125773,51,19,32,0,-1,237586.0,301.86,74.74,1008.45,2.27,99.09,12.895182,0.0,0.0,4597.287
209,313881167.6454413,358922.1788439868,25315,3804,21050,461,0,950289,304.29,64.15,1002.72,2.12,146.08,0.724414,0.0,0.0,5807.903
210,2864209330.612114,567672.7550341618,5661,484,5090,87,0,1616450,304.73,62.06,1006.13,2.36,157.34,0.68765,0.0,0.0,5628.068
211,7782915649.069736,658280.1078633487,4532,4528,4,0,1,1069261.0,305.72,50.58,988.09,1.56,173.36,0.258212,0.0,0.0,7319.766
212,5120163426.121964,897245.9912853439,6175,534,5511,130,-1,4418800.0,307.11,26.39,986.02,1.02,348.41,1e-06,0.0,0.0,7321.899
213,4274422477.8386455,501976.3362746986,6714,721,5928,65,-1,3872846,299.18,70.48,978.73,1.62,151.64,3.984426,0.0,7.900000000000001e-05,6633.704
214,8565093316.487331,804821.2356155119,2362,460,1877,25,1,1513614.0,307.36,35.76,995.01,4.37,289.0,0.003807,0.0,0.0,7533.603
215,5242737410.344157,561555.2835442771,12844,1754,10973,117,0,1805769.0,301.21,59.98,929.16,0.92,318.05,2.792506,0.0,0.0,5994.522
216,3871641746.1003904,452862.7740064772,2837,665,2164,8,1,826165.0,306.72,29.8,966.38,1.02,300.05,7.000000000000001e-06,0.0,0.0,7408.808
217,2824405492.2251105,397787.00150374963,3058,465,2552,41,-1,1499193.0,304.19,42.74,981.11,1.46,114.84,0.097662,0.0,0.0,6996.673
218,8288549159.438012,544536.6356402646,309,97,212,0,1,83205.0,290.2,75.32,829.96,0.6,159.74,3.294537,0.013387999999999999,8.8e-05,6240.396
219,1457787663.4208732,285781.9668042673,2902,299,2551,52,0,1338211.0,305.3,37.4,981.22,0.39,131.2,0.016964,0.0,0.0,7248.24
220,374781983.9634168,124517.06027887155,60,60,0,0,-1,883418.0,306.0,32.92,979.7,0.34,268.5,0.000462,0.0,0.0,7383.392
221,4564836503.335051,441966.0025642322,3946,448,3433,65,-1,3499171,305.41,36.68,982.98,0.51,106.57,0.004195,0.0,0.0,7284.649
222,365433875.1443952,127028.15476816967,42,42,0,0,-1,2292363.0,306.27,30.48,979.22,0.57,288.52,5e-05,0.0,0.0,7435.125
223,211694293.4170476,77287.33452284013,70,70,0,0,-1,2733752.0,306.07,31.67,980.05,0.44,291.37,1e-06,0.0,0.0,7411.257
224,7630806236.438834,592547.8330804027,1976,242,1720,14,0,2139658.0,306.72,23.75,966.57,2.81,273.42,0.0,0.0,0.0,7229.234
225,4869285319.348788,487726.0680130487,3366,1543,1798,25,1,1316948.0,299.74,64.54,982.27,0.22,118.14,0.73022,0.0,0.0,6861.798
226,2496980940.888768,456929.2096551946,3767,386,3374,7,1,921680.0,307.0,23.9,969.95,2.49,282.58,0.0,0.0,0.0,7348.535
227,5487316154.868203,519381.2904798229,2873,147,2687,39,0,3681896,303.86,44.07,985.79,1.75,92.46,0.040483,0.0,0.0,6985.575
228,48677585734.19594,1320649.530893054,956,154,791,11,0,672008.0,308.02,18.27,980.62,6.32,248.86,0.0,0.0,0.0,7611.92
229,6336130557.554482,671433.9449442961,3257,237,2960,60,0,2384239.0,301.68,54.01,991.13,2.47,113.58,0.265067,0.0,0.0,6192.803
230,5551844251.198275,802613.6259118363,5892,378,5431,83,1,2549458.0,302.75,48.5,988.12,1.9,87.46,0.055876999999999996,0.0,0.0,6712.145
231,1733072960.5210962,248223.9044937098,2817,97,2701,19,0,1042708,306.02,31.54,981.8,0.5,318.55,0.0,0.0,0.0,7424.7
232,6401658097.342791,675151.5477695336,900,158,740,2,1,147951.0,294.81,70.8,911.62,0.25,356.88,0.9653510000000001,0.0,0.0,6765.639
233,3016230295.377064,326814.44938792696,320,48,271,1,1,49950.0,279.02,75.16,655.18,1.3,186.98,9.547175,7.999632000000001,0.001573,6595.228
234,4797625772.120491,481660.0384214122,4972,1506,3457,9,1,176385.0,294.45,72.72,904.15,0.34,172.46,4.3432699999999995,0.0,3e-06,5651.746
235,2511903769.9996405,372486.755655304,1401,168,1230,3,0,1438156.0,304.87,38.54,986.43,1.05,84.53,0.0036810000000000002,0.0,0.0,7239.277
236,4271840628.726773,468130.1570038922,4277,459,3725,93,-1,2069578.0,306.29,30.03,984.43,0.75,350.4,3.2e-05,0.0,0.0,7417.259
237,3803107989.049017,426714.7845396745,3006,1854,1135,17,1,1040644.0,297.8,69.63,958.96,0.25,89.07,2.18248,0.0,0.0,5965.061
238,2472143701.6625714,348216.296673218,1039,83,944,12,0,1117361,301.08,55.46,984.47,2.26,111.17,0.6161439999999999,0.0,0.0,5751.22
239,7326370881.956299,621651.3888683226,3754,306,3399,49,0,3616510.0,302.72,48.61,991.65,2.37,120.68,0.056682,0.0,0.0,6722.728
240,2277400240.7152405,401881.8756257218,1028,47,974,7,1,1333372.0,306.08,31.17,985.22,0.51,19.85,9.6e-05,0.0,0.0,7389.883
241,3092733353.62025,568703.60962742,1861,229,1615,17,0,2788274.0,305.2,36.1,986.64,0.83,65.72,0.00048600000000000005,0.0,0.0,7324.229
242,7617324038.718709,666720.7686754572,4821,399,4341,81,0,3397414.0,303.93,41.72,990.5,1.57,115.83,0.01014,0.0,0.0,7009.802
243,1987497935.8950653,309064.0560069597,529,32,473,24,1,1150253.0,299.01,66.36,973.35,0.27,25.56,1.2578479999999999,0.0,0.0,6207.146
244,2576738021.283805,395207.9125973393,8671,6885,1752,34,1,1091295.0,298.49,67.3,965.72,0.35,65.74,1.3616700000000002,0.0,0.0,6219.762
245,3070406016.7163672,446768.03778944025,2786,194,2534,58,-1,2045737.0,306.19,30.53,986.99,0.66,27.14,0.00011,0.0,0.0,7340.749
246,3473523592.061265,431528.82776953775,2852,181,2623,48,0,1592875.0,305.48,33.88,987.98,0.73,63.8,0.00058,0.0,0.0,7296.088
247,5042177109.779589,588194.6941434675,4020,360,3613,47,0,2765754.0,301.91,54.08,993.83,2.05,98.12,0.176958,0.0,0.0,6494.091
248,4415103605.567828,696715.3265050518,3803,2121,1656,26,1,1058674.0,299.06,65.79,972.77,0.16,51.9,1.281585,0.0,0.0,6222.565
249,4857939175.077639,560405.5554302951,6535,443,6021,71,1,2673394.0,302.95,47.78,993.18,1.97,113.32,0.019933000000000003,0.0,0.0,7028.962
250,3627731476.071086,523323.7329257588,4981,351,4581,49,1,2923290.0,301.71,59.01,996.75,2.04,92.63,0.8797360000000001,0.0,0.0,5964.187
251,2012601152.2058094,350894.28287707036,55,11,44,0,1,194622.0,296.93,67.59,935.66,0.24,42.49,1.937129,0.0,0.0,6123.733
252,2536327317.411821,488761.7359520272,758,86,666,6,1,832769.0,297.87,69.49,962.07,0.96,300.34,1.409741,0.0,0.0,6486.337
253,2421100450.315153,316624.72083791124,280,56,219,5,1,481818.0,298.12,71.87,968.7,0.38,273.15,1.228501,0.0,0.0,6918.978
254,2067959782.8262188,448483.99092021055,2730,186,2505,39,-1,1714300.0,302.35,54.17,997.27,1.7,82.41,0.252254,0.0,0.0,6675.106
255,6296818213.184202,597467.8218386432,1005,169,823,13,0,1458459.0,307.85,22.54,974.32,2.71,299.34,0.0,0.0,0.0,6920.76
256,5738751293.0517645,611943.8069409297,3654,552,3032,70,0,2700426.0,304.25,39.15,992.0,1.29,125.58,0.001941,0.0,0.0,7134.201
257,1983220440.94814,420435.56624237524,1967,219,1730,18,1,908090.0,299.67,68.34,990.55,1.21,307.53,0.924394,0.0,0.0,6558.23
258,3813713175.513125,454744.6014859554,3102,147,2929,26,0,1207293.0,307.8,24.15,982.88,1.46,331.22,0.0,0.0,0.0,7202.054
259,2694881513.565613,322045.05247006874,113,31,82,0,1,196596.0,294.7,68.05,893.29,0.27,326.84,3.2726599999999997,0.0,0.0,5758.906
260,3753037918.3320327,525784.4538132536,26338,2903,22740,695,-1,4137489.0,305.14,33.94,991.54,0.85,111.49,7.7e-05,0.0,0.0,7238.073
261,2537270401.049292,318909.1425644702,2456,244,2179,33,0,1179496.0,305.74,31.71,989.67,0.7,64.91,8.7e-05,0.0,0.0,7306.786
262,2848021914.963253,470876.8601500982,1121,90,1024,7,1,1693190.0,299.9,70.39,998.72,0.61,294.65,0.822183,0.0,0.0,6882.593
263,6242471206.892191,718898.6693126386,2646,83,2540,23,0,1965970.0,308.1,22.98,980.84,1.57,330.9,0.0,0.0,0.0,7149.341
264,3379964270.550798,421103.51760057604,6450,728,5642,80,0,2087914.0,302.95,48.87,995.08,1.29,108.6,0.013994999999999999,0.0,0.0,7085.462
265,1309160721.6949556,264815.4046205407,948,106,828,14,1,769919.0,299.82,70.06,996.69,0.78,298.11,0.847785,0.0,0.0,6784.357
266,3954448264.680868,423040.33343662607,1767,333,1409,25,1,1584037.0,305.35,33.01,990.89,0.75,97.83,1.9e-05,0.0,0.0,7225.714
267,5589049795.640727,664122.798794014,983,24,952,7,1,1703005.0,307.48,25.01,986.69,0.98,2.87,0.0,0.0,0.0,7244.909
268,6264683387.162876,653444.5636158246,971,113,839,19,0,1338114.0,307.2,22.93,974.19,3.33,295.5,0.0,0.0,0.0,7035.441
269,3175395975.7430296,450039.92004760576,5832,269,5489,74,1,2730376.0,302.6,54.64,998.21,1.61,90.29,0.273766,0.0,0.0,6829.175
270,8976418852.367445,783583.5379092725,1423,112,1289,22,0,1421711.0,306.74,23.63,972.05,3.85,289.1,0.0,0.0,0.0,7241.112
271,1999491599.559264,240821.7976270431,3456,3454,2,0,0,552037.0,307.96,29.42,962.06,0.72,178.19,7.900000000000001e-05,0.0,0.0,7093.402
272,2315978458.624556,335776.7811030367,2399,2399,0,0,1,718537.0,307.4,37.68,978.14,1.89,178.11,0.016449000000000002,0.0,0.0,7242.113
273,3603074633.884839,402713.5013987243,2602,2602,0,0,1,739448.0,306.4,37.96,960.64,1.59,174.96,0.004878,0.0,0.0,7207.858
274,2903080269.118953,418810.09756871726,6000,1073,4913,14,0,1440361,302.05,76.43,1006.04,2.34,180.59,2.517876,0.0,0.0,7047.574
275,565676122.8722451,247012.1311687068,1516,55,1455,1,1,343709,304.58,56.11,994.38,3.17,270.37,0.169397,0.0,0.0,7169.054
276,9497554046.42722,735689.0810504011,20505,192,20084,229,1,3529031.0,303.77,54.55,974.52,0.38,194.89,0.483692,0.0,0.0,7405.399
277,3895254756.8361344,552674.5279884376,21281,1225,19812,244,0,2605914.0,305.13,56.82,1001.82,1.87,132.31,0.457578,0.0,0.0,6298.208
278,4418487780.590079,844671.2303368191,5678,156,5402,120,0,1353445.0,304.69,64.3,1005.99,3.32,185.29,1.1347209999999999,0.0,0.0,5565.779
279,44876678.15913832,45699.26411873613,25,25,0,0,-1,2240749.0,305.89,33.48,980.06,0.29,265.23,0.000516,0.0,0.0,7368.178
280,204409942.47356653,87850.726672744,37,37,0,0,-1,133713.0,306.05,31.97,979.98,0.4,286.25,9.7e-05,0.0,0.0,7404.459
281,2370928424.6536183,330336.5522920903,2480,2480,0,0,1,577758.0,307.46,32.78,962.38,1.28,173.09,0.019821000000000002,0.0,0.0,6499.63
282,7357267874.264158,660315.540582062,5203,1054,4141,8,1,1273821.0,303.98,52.28,980.85,0.22,31.1,0.28538,0.0,0.0,7421.332
283,2027019849.495001,293789.1150318924,108,3,105,0,0,226769.0,305.22,43.2,967.11,3.55,271.85,0.038179000000000005,0.0,0.0,7252.478
284,4685017060.78639,470530.9870896529,2890,271,2608,11,1,799781,305.55,34.1,963.56,0.77,302.9,1.3000000000000001e-05,0.0,0.0,7411.223
285,4647876780.515438,548454.9236930496,3677,68,3585,24,1,577817.0,303.94,55.62,975.01,0.58,191.72,0.6642100000000001,0.0,0.0,7272.731
286,3486125843.9065704,2694024.380279899,1,0,1,0,1,105597,302.35,71.6,1008.07,1.79,94.55,4.440434,0.0,0.0,5506.299
287,3713268497.3370094,476884.5795326601,5978,879,5043,56,1,1082636.0,301.82,55.78,925.44,0.48,20.95,1.908457,0.0,0.0,6409.803
288,1719339557.2039232,898607.7335860321,0,0,0,0,1,36819.0,300.6,79.89,1008.76,2.03,148.06,25.045081,0.0,0.0,3077.608
289,8393805762.554352,466057.050852009,153,44,109,0,1,21089.0,285.74,72.2,751.1,0.99,229.48,4.406051000000001,0.0,3.1e-05,6920.408
290,3172927522.178113,459070.9957074814,765,319,440,6,1,688077.0,298.01,68.32,960.97,0.03,342.75,1.182328,0.0,0.0,6289.309
291,1375923044.6464446,193458.46173709078,366,93,273,0,1,111997.0,297.26,65.82,938.17,0.4,13.25,1.5490629999999999,0.0,0.0,6318.982
292,2691191894.725689,344579.9123397875,420,80,331,2,1,250260.0,296.62,67.02,928.19,0.35,324.53,2.432114,0.0,0.0,5947.592
293,695054389.9682858,201886.9246677215,13,1,6,0,1,50484.0,296.61,67.8,930.04,0.24,354.2,2.322294,0.0,0.0,5962.25
294,2643850176.169274,354725.64992213936,2593,157,2401,35,0,1385227.0,304.92,35.89,989.43,0.85,91.62,0.000779,0.0,0.0,7182.679
295,3055675975.6668863,556608.5567904782,687,234,447,6,1,953773.0,298.7,70.54,978.47,0.77,304.21,0.873418,0.0,0.0,6716.518
296,3924564841.0196633,448699.75580354093,408,45,353,10,1,930404.0,299.73,70.58,992.36,0.44,214.37,1.1097860000000002,0.0,0.0,6939.953
297,2930559816.3104672,373560.1782550947,4306,397,3844,65,0,1340031.0,306.23,29.91,988.64,0.67,38.65,3.8e-05,0.0,0.0,7313.441
298,3061952688.7079983,484637.9334803056,3429,301,3071,57,0,3190926.0,303.77,44.78,995.84,0.82,119.3,0.00613,0.0,0.0,7193.337
299,15317415844.09089,989284.2022642428,6188,228,5892,68,0,2038533.0,307.2,19.48,969.11,4.8,266.61,0.0,0.0,0.0,7731.212
300,1234915744.82653,246445.6275218507,44953,30252,14599,102,1,1260419.0,298.95,67.52,970.05,0.79,280.61,1.429142,0.0,0.0,6658.482
301,5243196777.111924,566916.898040398,4824,487,4262,75,0,3950808.0,303.81,46.47,997.51,0.91,107.78,0.011998,0.0,0.0,7193.352
302,5676052566.116476,445864.1208398657,11011,1110,9763,138,-1,2032036.0,308.13,22.46,978.84,1.53,339.23,0.0,0.0,0.0,7132.044
303,3711648438.878218,494826.34894406406,6186,495,5608,83,1,2752412.0,303.35,50.82,999.11,1.5,97.64,0.09299400000000001,0.0,0.0,6930.061
304,3327007888.4556856,509972.373216649,4324,236,4059,29,1,4261566.0,302.24,57.21,1001.53,2.66,103.02,0.84147,0.0,0.0,5540.439
305,7090132671.376175,549568.8380753901,1275,94,1173,8,1,1113725.0,307.79,20.69,973.75,3.69,295.19,0.0,0.0,0.0,7312.765
306,3747668228.128681,539345.305757986,5898,288,5599,11,1,3071029.0,301.6,63.15,1002.92,2.01,115.83,1.973296,0.0,0.0,6197.399
307,6268232539.257074,720174.3880759992,9385,795,8485,105,-1,1950491.0,307.78,21.03,972.99,3.3,306.52,0.0,0.0,0.0,7291.818
308,6725851139.946601,654740.5978264826,20676,1860,18523,293,0,5954391,304.25,39.51,992.82,0.68,163.6,3.5e-05,0.0,0.0,7328.946
309,1886363783.8684914,332266.4118065573,15241,1824,13134,283,-1,3147927.0,304.17,43.58,994.39,0.43,141.85,0.0013050000000000002,0.0,0.0,7301.389
310,3122477728.993326,538304.353963031,3307,184,3103,20,0,3937385.0,301.66,59.63,1000.34,2.66,106.16,1.00179,0.0,0.0,5037.217
311,8545512170.506942,710410.6662519809,1345,88,1232,25,1,1223921.0,307.21,21.73,966.61,3.24,320.3,0.0,0.0,0.0,7324.335
312,14185448231.286526,977939.8015257858,5244,429,4763,52,0,3067549.0,306.81,18.46,950.28,4.49,290.88,0.0,0.0,0.0,7808.8
313,7667079351.766853,734727.122142378,1850,213,1609,28,1,2365106.0,304.01,36.2,978.06,0.54,202.9,0.000323,0.0,0.0,7340.109
314,3038175714.8171463,424076.0179839664,2907,313,2578,16,0,2219146.0,302.79,51.01,987.89,1.64,102.52,0.313126,0.0,0.0,6988.897
315,6046023704.855162,689330.1687076122,5968,342,5581,45,-1,4391418.0,303.94,43.4,983.75,1.19,75.22,0.099891,0.0,0.0,7298.973
316,7671896680.544251,843050.0974095088,2491,107,2373,11,-1,1411327.0,307.62,22.19,962.77,3.04,316.81,1e-06,0.0,0.0,7254.812
317,2201687060.190328,374810.33974036854,794,122,670,2,1,900422.0,301.73,63.04,997.08,1.85,123.51,2.5688869999999997,0.0,0.0,6415.282
318,6705957016.067888,622770.1962190797,1603,122,1464,17,0,1340411.0,307.65,21.4,958.47,3.3,305.27,2e-06,0.0,0.0,7306.969
319,1731195118.2014682,300961.16112487373,3164,234,2894,36,-1,1367765.0,302.12,58.52,997.24,2.21,109.04,1.0085819999999999,0.0,0.0,6517.247
320,4222505406.465653,482422.5801033479,1394,72,1322,0,1,339812.0,297.87,69.24,944.07,0.63,283.57,3.145714,0.0,0.0,6088.42
321,3004783119.310226,347764.3856877725,2672,153,2504,15,0,1492073.0,301.43,60.72,985.19,1.32,125.72,1.044537,0.0,0.0,6753.756
322,5302082127.995914,529854.8997608492,2841,122,2708,11,1,1939869.0,304.09,39.14,972.42,0.92,10.57,0.015918,0.0,0.0,7516.785
323,4492830790.296565,584303.6718379171,1229,126,1095,8,1,1042886.0,302.7,45.39,963.95,0.77,59.76,0.116378,0.0,0.0,7461.361
324,1246303510.7750845,284706.4479981593,2613,109,2480,24,1,"484,233",299.7,79.47,1003.84,1.53,184.68,2.5673880000000002,0.0,0.0,6719.741
325,8774035044.529922,753938.4526352047,1795,171,1588,36,0,1458875.0,307.22,19.52,955.13,3.14,334.85,6e-06,0.0,0.0,7373.059
326,5254775133.563046,666350.3463748295,3081,847,2204,30,0,2027727.0,308.91,23.29,996.75,4.45,289.91,5e-06,0.0,0.0,7651.184
327,4544680098.7954855,426564.47565984033,2070,214,1839,17,0,1388906.0,308.76,17.48,976.05,4.32,289.57,0.0,0.0,0.0,7648.104
328,2450499151.549298,250339.4985537928,5429,527,4835,67,0,2684487.0,301.35,59.6,978.5,0.85,133.15,0.834525,0.0,0.0,6872.594
329,3457778569.119748,474606.5816593964,4372,444,3896,32,0,2062330.0,301.15,58.56,970.96,0.72,117.98,0.662159,0.0,0.0,7061.23
330,1669212116.6097546,369989.77155408944,3656,164,3471,21,1,949443.0,301.07,55.19,959.44,0.64,83.37,0.38818600000000003,0.0,0.0,7285.75
331,3304232243.401012,421420.42314211023,18931,1974,16543,414,-1,2371061.0,307.55,19.74,953.98,3.12,333.53,4e-06,0.0,0.0,7267.642
332,7267950421.761548,802691.5888569424,3102,245,2761,96,-1,1986864.0,307.75,19.23,952.15,3.55,307.38,2e-06,0.0,0.0,7240.954
333,8236691019.453779,987619.2593920024,38381,3614,32929,1838,-1,7045313.0,309.0,28.03,1003.19,4.44,293.05,3.4e-05,0.0,0.0,7575.458
334,5967320594.3098545,703461.6994728914,21414,2993,18286,135,-1,2914253.0,301.13,54.07,953.84,0.71,46.29,0.283569,0.0,0.0,7431.754
335,3714098917.792247,558737.2926168065,14110,1388,12473,249,0,5520389.0,301.84,69.0,1005.56,1.73,189.85,2.598296,0.0,0.0,6449.373
336,4616757364.14656,554842.6359715828,27289,4554,22127,608,-1,3276697.0,308.54,18.15,957.7,4.03,309.27,1.7e-05,0.0,0.0,7232.43
337,4198777068.231749,464467.86166929064,14859,1619,12927,313,1,2293919.0,301.47,65.27,985.78,0.91,151.31,1.0371139999999999,0.0,0.0,7021.647
338,4754400411.248236,529100.5435590632,13107,2132,10780,195,-1,3093795.0,308.83,28.62,997.78,3.38,273.52,0.0008300000000000001,0.0,0.0,7507.901
339,1706318210.0707762,276714.14778507396,19881,1367,17908,606,-1,4850029.0,301.7,71.02,1006.67,1.99,193.51,2.8509700000000002,0.0,0.0,6444.952
340,9364767926.210121,745375.1040203101,3482,233,3201,48,0,1873046.0,309.45,18.25,970.67,4.37,305.93,2.5e-05,0.0,0.0,7284.502
341,5944309840.157407,660798.3292784069,2439,253,2171,15,0,1550822.0,307.88,37.92,1003.31,3.17,253.24,0.035733999999999995,0.0,0.0,7489.623
342,4510304490.867512,423964.06338249607,6131,1655,4439,37,1,1619707,304.71,37.99,975.37,0.9,333.66,2.8999999999999997e-05,0.0,0.0,7411.738
343,14117651666.385098,1014017.1548751077,14769,1921,12543,305,0,2606063.0,307.9,21.42,957.31,1.8,303.4,0.000134,0.0,0.0,6837.947
344,4976610389.321245,573579.2934618569,31402,2497,28113,792,-1,6079231.0,306.72,44.81,999.35,3.4,248.53,0.097567,0.0,0.0,7400.709
345,11434507540.8136,700271.5075508542,84124,10862,71011,2241,-1,4051444.0,308.04,24.68,968.4,1.02,310.51,5e-06,0.0,0.0,7197.558
346,1997641301.598625,347205.77587583405,3084,273,2786,25,0,716259.0,301.8,53.6,976.39,1.29,106.6,0.363154,0.0,0.0,7082.309
347,5296253039.917987,735356.9978104165,3724,465,3234,25,0,1734495.0,301.68,51.67,964.19,0.76,85.38,0.29067,0.0,0.0,7302.446
348,2368298000.2271147,407076.5870919663,6516,181,6310,25,0,2970541.0,302.5,56.42,1001.21,2.58,102.14,0.8667389999999999,0.0,0.0,6040.717
349,3137049329.8548303,438021.38081028155,7666,320,7284,62,0,3037766.0,301.92,60.77,999.72,2.15,111.15,1.507213,0.0,0.0,6341.592
350,3956207469.320617,638732.1028369832,29943,2346,27373,224,-1,5838465.0,303.31,51.58,999.8,2.12,99.29,0.364365,0.0,0.0,6556.333
351,3326626621.432961,386203.7906077221,5678,238,5407,33,0,3951862.0,302.85,54.47,1000.19,2.24,99.8,0.336652,0.0,0.0,6257.548
352,2760389743.72819,350034.4373645071,3844,271,3554,19,0,3330464.0,302.61,55.71,999.47,2.16,102.6,0.384337,0.0,0.0,6434.148
353,3961579374.1351476,482381.0577459018,8691,491,8168,32,1,4801062.0,301.9,59.05,1000.32,2.68,104.52,0.772536,0.0,0.0,5224.957
354,2229308523.872256,383561.11342272203,3609,370,3230,9,0,2001762.0,301.66,61.12,1002.5,2.21,105.9,1.315516,0.0,0.0,5643.955
355,3019409959.293661,421098.0122031675,4447,314,4124,9,1,2229076.0,300.82,62.51,993.09,2.06,108.73,1.601682,0.0,0.0,5224.616
356,4381816450.101924,540900.2722376181,6454,331,6105,18,0,4487379.0,301.12,61.37,995.53,2.43,111.98,1.3196780000000001,0.0,0.0,4969.084
357,6505616268.170148,655438.8454635928,2031,449,1570,12,1,660280.0,302.17,38.88,943.85,1.36,318.75,0.0017100000000000001,0.0,0.0,7470.494
358,5424355189.725379,532761.2176611135,3583,270,3291,22,1,1305343.0,305.02,38.42,974.59,0.48,327.3,0.0005099999999999999,0.0,0.0,7446.243
359,4746673276.615446,493205.3626189258,3062,745,2291,26,1,840352.0,301.38,42.26,937.74,1.83,335.34,0.0016190000000000002,0.0,0.0,7483.23
360,1190187235.9113724,252346.7094265196,15771,1663,14028,80,0,3289540.0,305.62,35.39,980.6,0.2,223.59,0.000884,0.0,0.0,7321.734
361,1130627355.9898055,201636.3445843175,9940,1331,8436,162,1,1725739,300.23,75.1,1003.6,1.18,181.45,2.192545,0.0,0.0,6712.267
362,132151569.80145252,60225.19098632053,130,130,0,0,-1,637775.0,305.89,33.04,980.5,0.28,282.8,0.00011999999999999999,0.0,0.0,7383.673
363,10597864235.05066,941869.0821893816,7639,308,7219,112,-1,2584913.0,306.0,24.21,961.79,4.64,273.57,0.0,0.0,0.0,7483.259
364,10572274420.112478,1114683.3800879018,1323,107,1190,26,1,1762375.0,305.83,26.84,971.94,0.83,43.55,4e-06,0.0,0.0,7395.262
365,4971782194.26034,641132.5438893092,1212,272,929,11,0,1388671.0,308.26,19.58,980.52,4.44,291.61,0.0,0.0,0.0,7732.03
366,50180419583.61116,2139246.581708469,2319,768,1518,33,0,2090313.0,307.1,38.21,1004.88,5.44,266.55,0.023135,0.0,0.0,7686.985
367,8883419584.26461,1034893.12242175,10413,1213,9054,146,0,3015229.0,306.8,37.56,994.18,5.09,291.41,0.043813,0.0,0.0,7671.323
368,4012508511.9138923,518923.7910013584,1360,73,1272,15,0,12053769.0,309.33,23.82,1000.07,3.97,290.88,1e-06,0.0,0.0,7550.521
369,7965461688.0821905,689485.4473749922,4414,293,4054,67,-1,2393272.0,308.03,34.77,1002.16,2.3,276.28,5.1e-05,0.0,0.0,7443.01
370,2474760065.604127,465481.325628301,3240,190,3040,10,1,1690400.0,300.37,65.89,990.01,1.61,121.93,1.9786259999999998,0.0,0.0,6290.49
371,7758915524.758158,1181420.5191105432,6815,370,6410,35,0,1407635.0,304.62,54.31,1003.42,5.31,275.97,0.045347000000000005,0.0,0.0,7661.514
372,231679278920.1241,3910258.2475101473,3073,953,2094,26,0,147104.0,271.88,68.73,588.2,1.36,231.05,0.10301700000000001,1.9213200000000001,0.061772,8426.053
373,4011932262.159936,471288.3982847497,3707,313,3325,69,-1,1069749.0,283.29,70.73,722.77,0.47,215.01,4.232424,0.7768430000000001,0.032658,5623.964
374,585347491.5852861,193115.7633052565,16164,1776,14078,310,-1,1236829.0,284.06,71.97,736.15,0.7,185.32,5.51821,0.6854,0.018816,5308.308
375,1314758408.7140286,223067.58556399046,4169,352,3745,72,1,570060.0,285.79,68.52,752.72,0.37,197.38,4.404085,0.0,4.5e-05,5199.51
376,3328595711.632232,492195.76952317,14950,1610,13128,212,0,1526406.0,298.94,56.53,917.64,1.13,334.68,0.264828,0.0,0.0,5993.957
377,8025186845.304499,683605.961327297,2512,363,2096,53,0,1507223.0,292.57,60.11,824.77,1.06,296.56,0.635633,0.078193,0.013055,6913.395
378,4678944889.342664,514813.1502422749,4906,502,4226,178,0,1582793.0,303.3,45.76,963.68,0.87,321.68,0.003285,0.0,4e-06,6072.097
379,3708718772.596182,449970.7636107632,10827,823,9606,398,0,2490656,304.13,46.42,978.26,0.9,333.37,0.001537,0.0,0.0,6023.312
380,7029470115.740707,656321.4996460757,1516,344,1119,45,1,813384.0,288.58,70.71,779.39,1.73,296.57,1.4172049999999998,0.022466,0.0021969999999999997,6685.333
381,3621063397.277788,540668.104915056,13713,1005,12283,425,-1,2181753.0,304.51,42.76,975.34,0.89,330.74,0.00061,0.0,0.0,6322.677
382,1878881760.7930613,393215.43570769,2229,358,1781,90,1,683349.0,301.41,47.56,938.26,0.95,326.38,0.029477999999999997,0.0,2e-06,6353.714
383,4186572765.338594,592796.0813617889,14497,2633,11477,332,0,1695860.0,295.29,59.82,871.78,0.98,285.85,0.578292,0.000609,7.000000000000001e-06,6354.523
384,1477915818.0977714,376644.2622590881,10963,952,9818,193,0,986147.0,302.29,45.75,950.2,1.28,342.93,0.010945,0.0,0.0,6652.393
385,1999600407.6649168,258355.06725357586,2889,239,2599,51,0,618008.0,307.01,33.65,980.95,0.24,260.3,6.500000000000001e-05,0.0,0.0,7377.64
386,1567719449.3887475,291323.7505895376,1988,94,1800,94,1,599814.0,304.01,42.08,967.03,1.02,349.04,0.003339,0.0,0.0,6809.417
387,4858328439.326546,579607.4643752759,3678,148,3375,155,0,1654408.0,306.16,35.3,977.7,0.65,351.49,5.3e-05,0.0,0.0,7390.405
388,1920924157.0774765,288457.55502003,1889,232,1610,47,0,596294.0,306.58,34.01,978.65,0.5,344.58,4.5e-05,0.0,0.0,7433.345
389,4505669820.602816,495446.1379752243,6320,1273,4919,128,1,1388859.0,307.56,29.62,980.15,0.33,268.54,1.9e-05,0.0,0.0,7529.85
390,4417872714.291164,728010.8885585953,11977,726,10903,348,-1,1892282.0,304.95,39.45,973.77,0.94,353.71,0.001466,0.0,0.0,7154.363
391,14423235911.655178,975333.3408499896,1863,255,1589,19,1,1969168,308.23,25.41,983.56,2.22,224.03,0.0,0.0,0.0,7233.651
392,3056682483.7757173,336783.85462437826,10044,1528,8371,105,-1,1927029.0,302.52,45.74,956.27,0.49,210.6,0.191182,0.0,0.0,6716.514
393,3062401933.504485,399797.35046854435,2606,235,2330,41,0,1072861.0,305.85,35.97,977.37,0.7,346.53,0.001968,0.0,0.0,7422.078
394,5672844930.703997,498453.6391039175,4161,442,3649,70,0,1295114.0,308.17,24.8,981.25,1.41,237.9,1e-06,0.0,0.0,7549.903
395,12796945953.20924,1091321.7445998285,1085,161,919,5,0,1779650.0,307.88,24.44,981.14,2.13,239.18,0.0,0.0,0.0,7472.551
396,3263828960.904214,366768.9371512597,7745,614,7020,111,0,1506323.0,305.16,38.18,976.29,0.58,322.5,0.010657,0.0,0.0,7254.881
397,3353630553.0674233,381009.200572584,2506,281,2180,45,0,941522.0,307.81,26.6,979.86,0.88,264.52,4e-06,0.0,0.0,7570.483
398,3622076724.3849626,401092.769236146,5221,555,4590,76,-1,3541952.0,305.06,38.97,977.06,0.45,238.34,0.050237000000000004,0.0,0.0,7123.068
399,5367512021.337421,489519.8865720248,7079,962,6035,82,0,1742815.0,307.64,25.99,979.65,1.34,266.49,5e-06,0.0,0.0,7552.56
400,5266857867.9878435,507186.73586123716,6241,737,5350,124,0,955128.0,296.69,64.72,916.35,1.31,135.35,2.83954,0.0,2e-06,5552.408
401,1672564165.8008304,230938.62724165164,7577,388,7096,93,0,1202811.0,305.76,35.13,978.27,0.45,293.42,0.004275,0.0,0.0,7369.87
402,3507423530.2701263,662543.2245037748,8780,543,8090,69,1,1648367.0,299.85,59.7,964.67,2.53,113.53,1.039868,0.0,0.0,6056.469
403,1737579443.9999053,254094.5117853623,1370,116,1230,24,0,1303048,305.68,35.55,979.21,0.35,243.29,0.004211,0.0,0.0,7303.164
404,3404582671.880609,373056.07667134935,11041,1884,8892,265,-1,3001636.0,305.21,38.23,979.9,0.46,153.84,0.029994999999999997,0.0,0.0,7202.591
405,39093040440.18218,1388718.616507488,7971,855,6998,118,0,2367745.0,307.58,21.53,978.12,4.17,248.15,0.0,0.0,0.0,7415.188
406,3093110561.2701716,471292.28767879936,4819,206,4568,45,-1,1922450.0,302.05,51.51,978.3,2.48,107.49,0.38263400000000003,0.0,0.0,6537.535
407,2196371575.1691675,286398.8996111992,6436,691,5676,69,0,1058683.0,306.93,28.25,979.22,0.96,275.49,0.0,0.0,0.0,7479.448
408,1335269746.1236913,293081.6080052089,3934,324,3523,87,0,676598.0,299.48,53.72,918.51,0.93,328.31,0.175377,0.0,2.1e-05,6383.753
409,1216451070.147204,280726.8747609445,6451,507,5844,100,0,558890.0,300.94,48.41,935.44,1.37,338.16,0.049451999999999996,0.0,0.0,6574.054
410,2027177349.71505,448528.22801707475,8373,364,7908,101,0,11367841.0,303.5,43.36,964.44,1.21,346.05,0.004657,0.0,0.0,6874.589
411,11578394174.687496,882986.7071666436,38163,9905,27341,917,-1,2897013.0,306.77,28.54,949.29,4.44,328.36,0.0006450000000000001,0.0,0.0,7352.824
412,4266809706.206025,528994.3152404479,1622,124,1473,25,0,598855.0,301.28,56.17,990.4,2.11,89.77,0.443774,0.0,0.0,6064.414
413,7855353536.142737,852475.0833251621,54211,6887,46002,1320,0,2207929.0,303.85,58.2,987.53,3.47,313.69,0.205891,0.0,0.0,6863.85
414,8238179213.431195,774463.4977857006,8183,1773,6336,74,1,1493627.0,304.78,38.69,975.54,1.18,333.12,0.000206,0.0,0.0,7408.412
415,6517972013.15674,695139.9341621622,8499,612,7806,81,1,1961922.0,303.33,36.99,959.0,1.33,342.15,0.000413,0.0,0.0,7009.153
416,1604142353.9672813,300260.2776725951,944,201,739,4,1,1961922.0,303.33,36.99,959.0,1.33,342.15,0.000413,0.0,0.0,7009.153
417,168516447.11875775,124456.96508934107,2936,548,2339,49,1,200222,304.6,63.14,1006.39,2.39,155.11,0.66747,0.0,0.0,5541.545
418,2543082443.553329,344506.1713362269,1244,72,1165,7,0,1329672,305.98,49.54,999.14,3.25,249.09,0.12465699999999999,0.0,0.0,7325.403
419,5880103548.562796,571407.388297756,2091,371,1716,4,1,249841.0,303.96,55.49,973.14,1.29,182.85,0.43356300000000003,0.0,0.0,7173.27
420,4398953873.710914,531481.7633974812,7465,728,6681,56,-1,3997970.0,301.48,65.57,1004.64,2.06,120.33,2.507017,0.0,0.0,6395.585
421,540647028.5233625,233290.03557988442,3376,3304,52,20,1,514683.0,296.46,63.8,910.36,0.69,299.68,2.589027,0.0,0.0,6198.069
422,5465723410.025998,743720.7847077997,4430,584,3813,33,1,3502387.0,301.89,63.25,998.44,1.39,139.73,2.35425,0.0,0.0,6376.862
423,4670037802.585938,760613.0679682241,8336,1054,7179,103,0,5167600,301.58,68.15,1006.28,1.48,155.88,3.037113,0.0,0.0,6221.754
424,6449898256.736411,632226.3385672666,5582,736,4790,56,0,4835532.0,302.1,65.24,1004.42,1.42,175.98,2.506617,0.0,0.0,6325.611
425,4734497048.893097,638073.4988177739,57081,6235,49624,1222,-1,10082852.0,301.35,72.61,1007.33,1.62,181.48,3.561125,0.0,0.0,6289.409
426,7377312703.192544,617700.1731370769,10691,982,9549,160,-1,5943300.0,301.28,74.2,1004.34,1.98,179.42,2.311407,0.0,0.0,6712.199
427,116181140.16614006,69716.43342116532,62131,6258,54045,1828,-1,4486679.0,301.54,72.43,1007.26,2.01,193.52,3.2320130000000002,0.0,0.0,6384.854
428,4637089443.983885,442117.05412368843,11871,1211,10516,144,-1,5094238.0,301.28,76.33,1006.64,2.36,181.7,2.6937130000000002,0.0,0.0,6657.276
429,11400602881.098042,896512.8167967611,8253,784,7421,48,0,1830673.0,303.84,46.86,971.39,0.87,338.25,0.108822,0.0,0.0,7466.062
430,4503333982.076921,616650.9872808029,8350,760,7538,52,-1,2320529.0,301.57,76.15,1002.95,1.94,174.95,2.7037709999999997,0.0,0.0,6837.063
431,2248084528.590674,259993.6804028397,467,88,379,0,1,580000.0,298.08,68.01,960.29,0.14,138.25,2.6873400000000003,0.0,0.0,5862.551
432,1923795980.9948432,283153.89263471053,7822,762,6983,77,0,2882031.0,301.75,63.41,993.47,1.14,159.22,1.5992540000000002,0.0,0.0,6558.861
433,3848813612.982464,804887.7415177468,3972,363,3568,41,1,3000849.0,300.97,67.03,1002.65,1.8,123.23,1.962896,0.0,0.0,6438.517
434,155610321.37974727,73471.99187428983,12922,1392,11344,186,-1,1055450,301.48,47.31,940.24,1.26,338.99,0.019323,0.0,0.0,6558.689
435,6084085594.445947,444984.62904145406,3222,270,2906,46,-1,3130586.0,302.73,46.51,965.79,1.24,135.23,0.353515,0.0,0.0,6695.831
436,66722339.91201969,49988.232471998905,1296,51,1224,1,1,191173,303.88,62.98,999.97,3.81,260.04,0.18590299999999998,0.0,0.0,7200.633
437,490870437.03016,118971.15885821295,0,0,0,0,-1,8587000.0,303.29,67.0,1002.88,3.91,297.62,0.301045,0.0,0.0,6874.593
438,2554057499.963269,397275.8654389543,4493,355,4135,3,0,2562012.0,302.21,57.59,998.94,2.32,101.69,0.582677,0.0,0.0,6218.786
439,2914692271.127261,438582.3282885165,1549,185,1331,33,1,2025376.0,303.66,46.56,996.49,0.87,98.24,0.024268,0.0,0.0,7128.367
440,5681732379.786474,561886.4586193765,2446,233,2183,30,0,1689974,306.93,26.45,988.86,0.75,38.09,0.0,0.0,0.0,7313.429
441,2461773954.701029,377429.1823423923,658,38,568,4,0,1008959.0,300.59,67.49,994.93,0.83,209.67,1.7855919999999998,0.0,0.0,6842.877
442,8179434204.728934,617989.6285075084,904,92,807,5,0,687861,307.75,21.13,969.66,3.03,309.94,0.0,0.0,0.0,7122.483
443,2158944490.5454254,348302.4875661342,2531,216,2285,30,0,1849294.0,303.47,49.31,998.51,1.2,101.39,0.032174,0.0,0.0,7113.02
444,5171592888.323595,495881.1956546175,2562,492,2022,48,1,2305847.0,305.03,33.99,992.8,0.79,130.57,2.3e-05,0.0,0.0,7371.083
445,4993359402.517861,611639.2711580644,5288,355,4862,71,0,4494204,304.19,43.3,996.59,0.61,152.06,0.001204,0.0,0.0,7283.246
446,12917800819.421486,825813.5551744484,5023,308,4689,26,0,2410459.0,307.03,20.6,958.99,4.49,285.05,1e-06,0.0,0.0,7548.479
447,4684606586.206534,464130.6621191642,72,11,60,1,1,294115.0,296.9,74.24,945.95,0.79,178.08,1.9694630000000002,0.0,0.0,6890.05
448,2157994870.5585337,301994.5754088903,310,289,21,0,1,354772.0,294.52,64.95,880.01,0.44,306.55,2.1622,0.0,0.0,6402.913
449,13043953185.937805,827141.0922488767,2695,156,2513,26,1,1830151.0,308.08,19.38,986.4,4.42,264.74,0.0,0.0,0.0,7818.49
450,6219425319.175307,1099150.9485727244,7626,542,6921,163,0,1746715.0,307.66,22.45,979.79,1.35,7.08,0.0,0.0,0.0,7232.981
451,12658994651.899992,963333.2085597024,2345,301,2020,24,1,1726050.0,307.62,20.75,965.49,2.76,328.67,0.0,0.0,0.0,7271.044
452,5486214661.804482,753656.1980982892,2294,305,1965,24,0,1799410,305.3,31.36,986.0,0.65,137.91,1e-06,0.0,0.0,7395.081
453,3855693903.852653,440243.69397985935,442,409,32,1,1,140651,296.49,66.93,921.7,0.56,299.74,1.2612450000000002,0.0,0.0,6568.172
454,4175611783.232025,468290.92586658424,4011,219,3737,55,0,3049337.0,303.96,46.63,998.19,0.95,91.86,0.016382,0.0,0.0,7155.561
455,2206288969.1508484,297691.8278180975,1625,143,1460,22,0,1294937.0,304.84,35.82,994.34,0.78,156.56,0.000102,0.0,0.0,7360.537
456,2988174868.72602,331452.3607039332,4270,120,4117,33,0,2728407.0,303.49,50.4,999.15,1.59,91.02,0.102338,0.0,0.0,6880.711
457,2052514825.7488148,285673.9410743433,3536,97,3427,12,-1,1706352.0,303.9,47.23,997.86,1.21,81.91,0.033664,0.0,0.0,7061.329
458,4536749314.122863,469021.9484109254,862,92,744,26,0,1445166.0,307.02,22.91,971.06,1.52,5.51,1e-06,0.0,0.0,7378.648
459,6249980932.888525,499506.38579370116,2164,132,2010,22,1,1037185.0,307.17,19.58,970.96,4.13,276.57,0.0,0.0,0.0,7841.288
460,3916225269.262921,602134.6037045651,1396,117,1269,10,1,800592.0,304.7,33.57,984.15,0.55,169.17,3.5e-05,0.0,0.0,7364.022
461,3124866774.638784,432886.99668034405,3400,208,3157,35,1,1639777.0,303.98,43.8,988.89,0.4,85.99,0.004692,0.0,0.0,7254.369
462,1248102076.1668706,308972.1497682605,1753,172,1566,15,0,1352056.0,304.17,42.52,994.58,0.56,173.75,7.8e-05,0.0,0.0,7331.118
463,4611978588.0795965,488057.5070108149,6216,4685,1498,33,1,1736319.0,298.4,70.21,967.39,0.5,290.12,1.289411,0.0,0.0,6053.946
464,4698251646.630772,450381.4522682112,5812,299,5477,36,-1,2959918.0,304.34,42.35,989.13,0.89,57.28,0.015044,0.0,0.0,7223.422
465,2759829003.890539,346375.7739643741,1726,96,1623,7,1,1313551.0,301.7,62.05,994.75,1.98,118.81,2.008754,0.0,0.0,6540.115
466,5398663627.788075,646874.5521135682,2535,155,2354,26,0,2114852.0,304.17,39.19,985.64,0.37,201.32,0.000393,0.0,0.0,7346.955
467,6135163590.078063,490053.0326603063,2642,345,2255,42,1,977447.0,307.08,21.64,963.85,2.3,350.59,1e-06,0.0,0.0,7455.047
468,2234859324.0000854,282986.9891935748,1200,219,955,26,1,1217002.0,299.71,71.93,992.88,0.31,268.36,1.376886,0.0,0.0,5645.854
469,5234084191.306468,706248.4142633302,2107,208,1867,32,1,826067,307.45,20.83,957.42,3.76,299.54,1e-06,0.0,0.0,7459.153
470,569974926.9231968,297610.03313243657,415,354,58,3,1,240363.0,296.76,64.11,915.17,0.79,296.9,3.753904,0.0,0.0,5830.973
471,9124781465.152552,1087379.0439036293,1680,160,1488,32,1,2228935.0,303.96,34.26,969.42,0.4,166.02,0.000714,0.0,0.0,7316.688
472,7748412295.350446,758343.6228100378,807,103,690,14,1,1241519.0,306.84,21.42,955.79,3.39,330.97,1e-06,0.0,0.0,7479.376
473,2556367534.2035,327159.3764122649,160,152,4,4,1,144028.0,297.52,62.0,921.67,0.63,303.16,8.032738,0.0,0.0,5724.579
474,2969694317.2438607,411993.17119650304,677,612,58,7,1,271274.0,296.58,65.17,913.11,0.75,299.15,4.941749,0.0,0.0,5687.868
475,5755129256.693057,481921.7309353496,514,57,443,14,1,845071.0,306.91,21.05,956.36,3.35,333.86,1e-06,0.0,0.0,7503.393
476,12977932091.083904,989080.6333845231,2278,71,2182,25,-1,3116045.0,308.6,22.33,996.32,4.39,276.74,3e-06,0.0,0.0,7711.953
477,6591378120.662999,654005.2550448431,6646,812,5761,73,0,7103807,302.06,63.09,1004.14,1.69,131.42,2.9177459999999997,0.0,0.0,6246.207
478,8364438137.832964,636578.8922053546,3098,505,2555,38,1,1862612.0,303.9,39.1,976.65,0.31,327.97,0.002218,0.0,0.0,7403.365
479,1894599148.283113,286370.8862154029,229,14,215,0,1,60977.0,299.28,70.42,973.99,0.45,267.19,2.3340919999999996,0.0,0.0,5931.815
480,1638342694.4200444,329669.5610413289,2378,594,1763,14,0,693281.0,299.65,73.92,987.78,0.4,232.37,2.260576,0.0,0.0,6332.074
481,6006524291.351235,527913.3808347647,3168,126,3031,11,0,2445474.0,301.34,57.32,975.16,1.0,115.76,0.560354,0.0,0.0,6964.725
482,3667160571.859008,444073.0897165807,47,8,39,0,1,62313.0,298.85,75.72,975.2,0.47,229.79,2.7439240000000003,0.0,0.0,6561.464
483,6937116524.86669,565887.3328820678,1002,240,741,21,1,1178273.0,303.65,36.09,966.18,0.79,270.43,7e-05,0.0,0.0,7432.253
484,5767573982.359515,581690.6949253428,997,194,795,8,1,1127033.0,303.41,36.22,963.68,0.71,243.19,0.000396,0.0,0.0,7195.609
485,2710130247.911209,363801.74149484007,2960,473,2475,11,1,377988.0,299.57,76.42,993.22,0.58,205.97,1.9525,0.0,0.0,6796.234
486,4924675391.409108,460451.647019467,2247,111,2127,9,0,1322784,303.41,39.8,965.91,0.92,342.26,0.003953,0.0,0.0,7579.671
487,12332547676.743021,1138772.0574223213,2695,524,2059,112,0,2378458.0,306.64,20.07,954.59,2.46,338.25,1.4999999999999999e-05,0.0,0.0,7342.527
488,3951532066.105096,391408.8040492097,23,4,19,0,1,101389.0,296.34,67.45,908.11,0.66,287.11,6.423988,0.0,0.0,5832.828
489,6933879154.663242,807392.8693852195,2039,229,1768,42,0,1343734,308.8,24.6,1000.62,4.57,281.52,1.7e-05,0.0,0.0,7648.168
490,8764699291.367208,709348.5081748958,1832,475,1317,40,1,1264219.0,306.02,23.07,960.98,1.25,350.82,6.500000000000001e-05,0.0,0.0,7320.573
491,3874696114.6750064,472571.1298990926,987,111,861,15,0,1512681.0,307.77,19.97,954.93,3.18,325.8,2e-06,0.0,0.0,7124.957
492,7408588381.889944,515465.5045974946,1398,177,1194,27,1,1545814.0,307.63,21.35,957.88,3.02,332.19,3e-06,0.0,0.0,7277.347
493,2183906012.732233,368431.2755988315,855,121,732,2,0,791042.0,301.64,61.4,988.35,1.14,141.91,1.320149,0.0,0.0,6658.7
494,6080489417.711295,695129.2819015159,1344,146,1183,15,1,1292042,303.78,33.15,958.39,0.29,5.95,0.000185,0.0,0.0,7322.622
495,5354946574.996936,485103.4599737909,1307,125,1159,23,-1,1798194.0,308.78,17.6,973.79,3.85,286.77,0.0,0.0,0.0,7573.934
496,1929615607.2131624,257852.24890980532,3330,593,2704,32,0,"436,868",299.48,78.79,998.53,1.1,189.15,2.242049,0.0,0.0,6785.553
497,5139931463.675056,564458.41147135,1581,241,1335,5,1,726978.0,301.78,44.82,946.25,1.15,349.86,0.028064,0.0,0.0,7657.814
498,5803408390.085454,624000.8098251253,2117,197,1876,44,0,1455069.0,307.89,18.85,956.6,3.55,295.18,1e-06,0.0,0.0,7406.565
499,1369797076.2215838,252110.06797879643,63,16,47,0,1,55539.0,296.68,71.42,920.6,0.82,262.91,3.371916,0.0,0.0,6235.944
500,2544681505.2592664,480154.129925679,4026,739,3207,80,-1,1387478.0,309.14,23.37,998.21,4.34,293.21,1e-06,0.0,0.0,7609.127
501,10084513977.213558,875882.1133195236,1375,180,1167,28,0,1331597.0,307.28,18.32,957.11,2.78,332.61,8e-06,0.0,0.0,7161.107
502,5356806230.318646,472771.86360269954,262,77,185,0,1,137155.0,298.98,72.89,966.91,0.83,247.92,1.918086,0.0,0.0,6383.234
503,7437097323.988401,649743.477773265,3947,474,3449,24,1,2927965.0,301.31,63.28,983.31,0.87,143.24,1.036374,0.0,0.0,6906.029
504,7787041098.454696,958524.1414629049,1700,276,1384,40,1,1311332.0,308.21,18.64,956.69,3.07,326.36,3e-06,0.0,0.0,6975.804
505,3882272363.677885,500455.4298080036,2482,300,2163,19,-1,1642268.0,309.04,22.69,991.62,3.86,285.11,0.0,0.0,0.0,7513.783
506,6064181482.478418,637312.3243285861,10863,992,9703,168,-1,2463289.0,304.87,26.56,954.8,0.8,337.69,0.0008039999999999999,0.0,0.0,7322.9
507,4329155680.536746,430497.2248999542,1723,246,1471,6,0,2126558.0,308.67,20.41,980.6,4.24,288.29,0.0,0.0,0.0,7527.321
508,8283663194.415142,943963.4062263159,1640,327,1290,23,-1,1563715.0,308.6,18.31,958.62,3.41,316.54,3.3e-05,0.0,0.0,6935.853
509,4471617621.373296,623268.6012907142,1216,126,1079,11,1,749237.0,301.97,37.51,938.11,1.22,321.12,0.001923,0.0,0.0,7145.893
510,4076689249.8065853,377974.2249230518,1519,249,1256,14,1,1025048.0,308.25,19.73,966.42,4.58,292.55,0.0,0.0,0.0,7541.485
511,3115836168.1599197,431327.08123076055,1657,304,1349,4,1,531885.0,301.43,53.84,954.92,0.94,37.15,0.240233,0.0,0.0,7486.098
512,6083704416.8223,617246.8174252914,2696,227,2450,19,1,1091854.0,306.66,20.57,957.4,1.47,315.81,0.000226,0.0,0.0,6898.458
513,9602161766.650906,636320.5953522007,2408,213,2162,33,-1,2185793.0,308.53,19.42,964.21,4.97,298.79,1e-06,0.0,0.0,7451.232
514,3146432529.1122627,404412.0732860694,3157,376,2772,9,1,1065056,301.56,58.97,972.06,0.74,100.02,0.596831,0.0,0.0,7224.665
515,8858627361.200947,786227.2292654201,793,103,683,7,1,1054905.0,303.7,30.23,942.17,1.07,333.31,0.001725,0.0,0.0,7281.098
516,7880740679.879102,630608.7676152157,2042,451,1550,41,0,1241350.0,307.73,19.79,957.04,1.97,320.77,9e-06,0.0,0.0,6991.864
517,8499383905.798968,591237.2244756606,3917,342,3540,35,1,1502338.0,302.01,56.2,965.54,0.67,88.02,0.398422,0.0,0.0,7396.244
518,13834420112.5622,903897.6253279444,1619,339,1252,28,0,2090922.0,305.29,22.98,936.73,1.71,325.45,4e-05,0.0,0.0,6711.591
519,3912375422.2645454,343933.0413288898,1035,184,836,15,0,570465,309.01,18.53,963.08,2.36,308.03,9.1e-05,0.0,0.0,6872.044
520,8731734008.981503,668193.6452318107,1598,114,1446,38,-1,1310061.0,309.68,17.54,969.5,2.84,306.37,0.00011899999999999999,0.0,0.0,7096.593
521,2696149437.3677955,458671.0872175722,505,31,470,4,1,585449,303.95,59.07,1004.82,5.3,285.28,0.077665,0.0,0.0,7552.894
522,10788258901.803041,782270.0573956631,1349,352,989,8,1,1701698.0,305.09,27.31,951.76,1.22,335.57,0.000859,0.0,0.0,6891.66
523,3280582123.867441,444320.4355848013,1020,83,936,1,0,590379.0,307.75,33.45,987.62,3.56,269.04,0.012828999999999998,0.0,0.0,7472.414
524,6327531869.514402,540551.3433181393,1905,177,1707,21,-1,1385881,308.69,23.4,971.51,5.31,300.63,0.004652,0.0,0.0,7335.574
525,1937269016.8925354,278020.8865054874,36,0,36,0,1,166343.0,297.01,66.29,932.91,0.18,21.21,1.660625,0.0,0.0,6257.39
526,2333304804.902205,335398.45818181016,37,1,36,0,1,163418.0,294.28,65.11,876.51,0.37,316.39,2.839686,0.0,0.0,6085.633
527,1713176877.4829545,292648.8842543865,31,0,31,0,1,60823.0,297.3,70.42,923.69,0.71,267.66,2.376591,0.0,0.0,6994.309
528,2953400777.2679625,521063.79251646966,79,38,41,0,1,73050.0,298.52,73.32,957.17,0.73,254.31,2.020439,0.0,0.0,6717.567
529,1594148721.7285035,228744.82794137052,2061,316,1736,1,1,267988.0,295.41,65.2,897.97,0.35,307.59,1.973014,0.0,0.0,6362.815
530,1230356327.942484,254951.1700218604,3432,744,2644,9,1,378811,297.82,64.24,941.19,0.36,284.4,1.168288,0.0,0.0,6604.668
531,3180209499.820937,419558.8116081192,307,78,229,0,1,145538.0,295.18,68.04,911.19,0.29,220.12,1.438636,0.0,0.0,6887.956
532,1862064097.645477,219664.61897089466,239,45,193,1,1,82839.0,292.69,74.45,873.38,0.41,188.34,4.2944580000000006,0.0,1e-06,5748.211
533,2462859077.312509,278730.42986375623,4406,208,4164,33,0,3495021.0,302.64,55.36,1000.97,2.53,100.81,0.569243,0.0,0.0,5835.841
534,2888909771.1559176,433982.8463502576,6295,321,5932,42,0,2877653.0,303.33,50.66,997.62,2.02,99.88,0.364058,0.0,0.0,6701.94
535,3490874120.497591,437248.7566978062,5542,380,5147,15,1,2811569.0,300.91,62.53,994.12,1.79,109.52,1.576707,0.0,0.0,5681.779
536,3992510435.54876,519928.8860100042,6927,366,6552,9,0,3264619.0,301.64,61.56,1002.43,1.97,110.53,1.5984040000000002,0.0,0.0,5899.151
537,3886555090.662468,460999.6320066075,639,197,418,24,-1,1039918.0,308.99,19.54,989.28,4.36,291.99,0.0,0.0,0.0,7625.946
538,3081350843.462251,446477.4205771597,777,110,662,5,0,656005.0,308.78,29.1,999.51,4.11,300.81,0.0014320000000000001,0.0,0.0,7484.59
539,4054131636.7669883,562514.7514274317,539,80,457,2,0,1071831.0,308.13,28.59,984.41,3.79,278.2,0.001602,0.0,0.0,7479.842
540,2988717542.790413,421333.6237239178,1084,88,991,5,0,994624.0,309.1,19.32,988.38,4.17,289.64,0.0,0.0,0.0,7564.811
541,4340580753.394108,444401.21635672665,1514,151,1342,21,0,1217477.0,303.87,58.55,1000.88,5.2,284.68,0.046834,0.0,0.0,7330.237
542,4140223758.5460773,593761.8969463167,2604,295,2286,23,1,1280800.0,303.65,43.41,994.3,1.11,125.75,0.001287,0.0,0.0,7251.363
543,2332323418.15944,321080.7519179309,83,42,41,0,1,270352.0,294.68,73.18,908.63,0.57,252.26,0.986575,0.0,0.0,6404.666
544,1785393551.0062985,354877.2894028094,2745,609,2117,16,1,876001,299.73,78.91,1002.05,1.21,193.54,1.8810810000000002,0.0,0.0,6674.665
545,202363736.56807056,104192.92574502924,32,31,0,1,-1,3651261.0,306.14,31.7,979.49,0.44,281.34,0.0002,0.0,0.0,7411.709
546,3157227870.6437397,406046.1289679206,2390,215,2136,39,0,2217020.0,304.24,42.64,983.97,1.51,93.8,0.031612,0.0,0.0,7064.116
547,1797297708.177387,324365.86511242465,693,167,522,4,0,502276.0,307.44,24.73,977.47,1.9,277.24,0.0,0.0,0.0,7505.788
548,362765744.9585546,211022.64976629047,1197,1157,23,17,1,420517.0,297.24,61.66,918.74,0.64,296.35,3.47988,0.0,0.0,6093.301
549,2636689842.2510858,346182.0595530753,364,346,18,0,1,183115.0,294.29,63.43,872.47,0.45,306.58,2.464381,0.0,0.0,6230.396
550,3455633178.3545628,374951.2032271758,5193,563,4565,65,1,1700000.0,298.05,72.81,963.89,1.29,168.05,4.360684,0.0,2.7000000000000002e-05,6706.61
551,3316140432.048949,615195.3607465103,1271,115,1138,18,1,786754.0,307.96,22.04,979.58,1.48,352.16,0.0,0.0,0.0,7181.153
552,5692261031.963073,790457.1678884847,2051,183,1844,24,0,1158283.0,306.33,20.04,951.96,4.66,279.32,0.0,0.0,0.0,7749.256
553,4022226338.382229,621728.5955849858,918,89,820,9,1,708831.0,306.2,27.66,983.58,0.69,67.93,1e-06,0.0,0.0,7352.206
554,9506564082.017448,1096766.6386656682,1885,174,1691,20,0,1544392.0,307.39,20.07,956.95,4.0,296.38,1e-06,0.0,0.0,7533.252
555,8603292574.77675,908471.5677256908,725,73,649,3,1,1016520.0,304.33,31.94,966.35,0.48,100.36,0.000258,0.0,0.0,7357.75
556,10813475595.950485,1090555.6480898762,1935,341,1583,11,0,1585268.0,308.29,31.75,1001.67,4.98,287.37,0.00499,0.0,0.0,7601.28
557,3252468553.316441,413586.292601997,1182,45,1121,16,-1,2092745,309.22,27.12,1002.99,3.64,288.14,2e-06,0.0,0.0,7538.207
558,11736896136.390005,800314.9790998079,2029,393,1589,47,0,1575362.0,307.06,20.75,943.84,2.02,316.22,6.8e-05,0.0,0.0,7024.734
559,5852199547.709743,619256.4431058521,3060,355,2672,33,1,1525605.0,305.27,48.69,999.51,5.18,287.71,0.052676,0.0,0.0,7539.609
560,4904139477.6128645,742263.1732925355,618,135,478,5,1,752484.0,302.42,71.82,1008.0,5.25,276.47,0.046605,0.0,0.0,7592.569
561,5759468598.3608,662040.8187998701,1810,224,1570,16,1,960329.0,307.07,38.37,1001.51,5.28,276.52,0.019162000000000002,0.0,0.0,7654.589
562,3843550240.118131,322491.78985549754,3827,643,3114,70,0,875564.0,285.84,71.35,757.76,0.95,194.47,7.662456,0.0,0.000383,5143.483
563,3742379838.3928986,408805.2839949753,3646,398,3207,41,-1,385099.0,282.15,76.01,717.49,1.01,187.56,6.9878,1.7015060000000002,0.04672,5619.497
564,3157864482.20098,335041.48214265314,4761,1448,3187,126,0,1015503.0,286.54,71.09,767.68,0.8,200.21,4.310409,0.021805,0.000792,4665.056
565,2178037753.336605,337700.58100779896,3075,265,2780,30,0,297003.0,281.73,75.76,711.96,0.92,185.09,6.847264999999999,1.844748,0.050529000000000004,5681.818
566,1915340598.4627,219592.03253323265,5263,766,4408,89,0,755331.0,287.19,68.59,772.21,0.39,216.59,3.52116,0.0,2.8999999999999997e-05,4778.55
567,6217927908.7215,470485.3329586122,1957,826,1113,18,1,476835,291.31,63.65,820.67,0.56,330.94,2.1667419999999997,0.0,6e-06,4637.785
568,736657384.6908134,196055.92865887933,2079,151,1896,32,-1,265960.0,287.25,66.6,768.6,0.27,274.95,3.46029,0.0,2.4e-05,5164.034
569,1699266676.1032858,340109.25787351065,2317,86,2188,43,0,423181.0,287.64,65.39,771.26,0.44,305.45,3.073589,0.0,1.4000000000000001e-05,5286.881
570,3854903049.745335,373626.4644792368,2921,527,2355,39,0,619266.0,294.71,59.78,861.61,1.13,336.85,1.287141,0.0,0.0,5374.775
571,1722965695.3311007,228381.87607334074,1430,116,1303,11,0,283313.0,290.13,62.93,798.57,0.63,314.16,1.952241,0.0,4.6e-05,5865.836
572,3401144550.5648136,337757.5019883141,2371,829,1504,38,1,409576.0,287.97,64.83,770.63,0.46,305.24,1.4485649999999999,0.21881599999999998,0.019972,6511.222
573,9226894286.254791,671987.3115413936,932,119,797,12,0,515844.0,284.16,68.7,725.11,0.91,298.11,0.9864219999999999,0.419293,0.077542,7295.69
574,3500894965.0697,374786.1038708221,2218,139,2051,28,0,615711.0,296.63,57.58,881.72,0.86,329.0,0.41766400000000004,0.0,4.1e-05,6473.811
575,3626197067.456954,390872.4721072809,6311,439,5705,167,0,2299026.0,303.49,48.23,972.45,0.97,329.57,0.0015480000000000001,0.0,0.0,5955.573
576,7646500318.51678,503497.86121718865,791,301,476,12,1,437474.0,280.52,76.6,681.72,1.18,284.29,3.253336,0.34575500000000003,0.056421000000000006,7605.472
577,5461951163.297797,402401.9352364463,1946,579,1339,28,1,999518.0,292.41,62.35,824.58,1.07,272.94,0.869649,0.023242,0.004031,6770.752
578,2133789564.3254907,293212.97692628537,1386,210,1162,14,0,521057.0,301.66,48.05,941.66,0.84,314.07,0.040684,0.0,3.4e-05,6231.394
579,3322890088.706964,374677.1055055557,1763,136,1553,74,0,1119627,304.87,43.12,979.47,0.66,334.14,0.0008759999999999999,0.0,0.0,6372.464
580,2645999742.086393,368951.3063751765,3244,484,2716,34,0,576670.0,298.0,54.01,897.04,1.2,321.21,0.121433,0.0,2e-06,6363.48
581,1730419888.2000165,314192.1070194002,1757,164,1537,56,0,612310,303.81,43.46,966.86,0.87,331.22,0.0009119999999999999,0.0,2e-06,6355.182
582,3879929468.341561,415980.8104917471,2588,411,2135,42,1,1180483.0,307.93,30.35,982.86,0.86,215.13,8e-06,0.0,0.0,7405.958
583,3036136858.1523905,345148.01436812175,2353,277,2000,76,0,992289.0,306.06,36.91,979.38,0.49,335.61,0.000134,0.0,0.0,7140.174
584,5019782020.351835,469716.4258701858,18853,508,17555,790,-1,3487882.0,305.26,38.99,975.94,0.83,345.42,0.000206,0.0,0.0,6935.459
585,10549102599.287071,619157.7523460857,1193,272,918,0,1,391114.0,281.41,78.58,686.62,1.66,272.59,1.785536,0.179057,0.131459,7632.154
586,3838334506.051303,411611.1927908275,1927,170,1742,15,0,530164.0,296.68,56.5,885.93,1.51,322.21,0.285005,0.0,0.0,6499.831
587,5276176446.1402645,643117.0932365453,2663,605,2046,4,1,616409.0,291.5,66.73,821.92,1.37,257.65,1.281932,0.021429,0.001381,6391.658
588,3555272499.939007,416546.0321214807,2648,437,2162,49,0,902702.0,307.82,29.99,981.79,0.57,224.58,1.6e-05,0.0,0.0,7474.201
589,2686932402.274391,294312.11421455065,785,158,624,2,1,236857.0,285.98,73.9,747.03,1.69,263.94,1.740031,0.068905,0.022956999999999998,7016.99
590,9679194216.17333,714343.360057024,1175,220,950,5,1,485993.0,279.68,88.1,683.28,1.21,284.38,6.815746000000001,2.2881139999999998,0.33979699999999996,6171.863
591,2317238062.037301,315756.05333048786,4548,295,4167,86,0,1214162.0,302.21,45.88,951.5,0.93,327.56,0.063163,0.0,0.0,6760.727
592,4970892071.351747,438981.3612191681,7316,771,6435,110,-1,2848152.0,303.69,43.13,967.75,0.52,261.3,0.076163,0.0,0.0,6829.134
593,2930573589.6566052,403828.18244890077,1703,180,1490,33,0,768808.0,307.57,28.67,979.74,0.51,270.97,8e-06,0.0,0.0,7561.158
594,2248965042.03269,301895.7231937754,5961,453,5413,95,0,964231.0,304.7,40.36,974.3,0.86,347.01,0.009487,0.0,0.0,7168.884
595,2990239606.2434,370198.4882346315,720,128,588,4,1,259840.0,286.89,82.93,782.27,1.49,250.53,5.0718879999999995,0.07195399999999999,0.021446,5094.767
596,7047634795.073005,485903.0084747236,2153,545,1564,21,1,686572.0,295.5,61.87,878.78,1.33,213.07,2.30085,0.0,1.4000000000000001e-05,5871.246
597,4182304382.759161,462107.68759848154,1543,143,1386,8,1,622506,292.77,71.17,858.08,1.11,208.53,4.262283999999999,0.0046619999999999995,0.00143,5222.231
598,3658634977.446397,456507.4465557873,2320,228,2050,42,0,1332042.0,306.84,30.22,978.83,0.65,298.14,0.000167,0.0,0.0,7518.23
599,2334290112.415121,319071.11655989377,906,243,654,5,1,259315.0,293.84,76.48,894.66,0.99,145.6,5.7964709999999995,0.007651000000000001,1.6e-05,4488.321
600,2863218215.919881,326244.18159582064,8712,375,8289,48,-1,1480080.0,306.12,32.56,979.53,0.34,275.41,0.00018899999999999999,0.0,0.0,7412.369
601,2933123221.8382144,513741.889623772,9087,1086,7851,150,-1,3749630.0,303.02,47.68,980.57,2.37,110.89,0.206907,0.0,0.0,6745.155
602,4325746201.396769,465062.8541904607,3027,245,2743,39,0,1629109.0,307.51,24.76,977.83,1.96,268.89,0.0,0.0,0.0,7503.358
603,1674062353.3587995,235745.9026984934,2535,241,2273,21,0,1377840.0,305.46,37.13,977.46,0.61,277.8,0.014372999999999999,0.0,0.0,7249.779
604,3221492056.9873924,417312.8447419013,3927,312,3506,109,0,965337.0,306.22,37.28,980.54,0.25,306.39,0.000148,0.0,0.0,7141.584
605,1336135778.739489,271527.3959660749,1926,471,1431,24,0,318611.0,299.72,55.53,926.66,0.88,337.09,0.183851,0.0,8e-06,6223.231
606,2243646416.2193394,518646.05345972406,3652,387,3114,151,0,815168,304.4,43.26,975.06,0.89,329.78,0.000687,0.0,0.0,6252.836
607,7491715748.245915,727195.2173491709,1252,282,966,4,1,598855.0,301.28,56.17,990.4,2.11,89.77,0.443774,0.0,0.0,6064.414
608,11515600089.681637,733407.8885635736,10547,1095,9280,172,0,2177331.0,307.71,31.95,949.64,1.91,275.24,0.07360499999999999,0.0,0.0,7272.686
609,4822303924.252731,572215.9349841459,1133,100,1014,19,1,1042374.0,306.09,28.94,989.6,0.66,88.5,0.0,0.0,0.0,7365.706
610,1544876661.3714266,224524.5847210229,985,154,824,7,0,1042374.0,306.09,28.94,989.6,0.66,88.5,0.0,0.0,0.0,7365.706
611,5324406654.0707035,513081.08413588343,845,88,745,12,1,2727156.0,308.3,18.51,965.02,3.58,292.5,1e-06,0.0,0.0,7515.26
612,4604305889.766834,597787.4641379329,3884,301,3538,45,0,2727156.0,308.3,18.51,965.02,3.58,292.5,1e-06,0.0,0.0,7515.26
613,9293844.37678457,27726.68497848385,523,232,287,4,1,41816,301.76,74.97,982.31,2.25,305.79,8.041939,0.0,0.0,5143.039
614,38491700.00002637,45663.61412242301,306,3,300,0,1,52074,303.25,64.44,1004.12,5.22,282.25,0.040895999999999995,0.0,0.0,7275.5
615,4071013633.641032,511433.9356245982,3137,500,2550,87,-1,2872204.0,304.32,38.66,993.18,1.12,128.57,0.0009480000000000001,0.0,0.0,7295.387
616,2973016618.084227,448584.2979636053,681,319,361,1,1,258840,298.33,67.78,957.92,0.69,265.54,1.5590389999999998,0.0,0.0,6685.917
617,2821856146.546958,281272.2607481005,173,156,17,0,1,45616,297.43,59.11,916.65,0.47,294.87,3.6690620000000003,0.0,0.0,6215.029
618,2354657669.1949515,267107.4683555172,379,39,340,0,1,122436.0,296.64,73.46,947.43,0.57,272.99,0.703129,0.0,0.0,6125.313
619,3452097537.8821025,325184.099170629,4723,1693,2975,55,0,824059.0,294.08,75.3,901.7,0.34,227.48,1.128249,0.0,0.0,6482.688
620,2751830140.8818283,431081.0418352545,5759,411,5308,40,1,1670931.0,300.73,70.36,1004.73,2.08,124.9,2.486457,0.0,0.0,6431.943
621,368430359.9395399,231294.4954312147,323,295,27,1,1,135481.0,297.31,62.43,920.69,0.7,297.44,4.952416,0.0,0.0,5858.083
622,8187903558.648594,556354.2735765565,6023,508,5452,63,1,3596674,301.6,67.05,996.14,1.26,173.98,1.62399,0.0,0.0,6649.57
623,12139823061.135635,852601.9836489832,9028,1193,7804,31,1,2519738.0,300.9,68.66,975.33,0.95,159.59,1.543923,0.0,0.0,7054.436
624,9655718823.707212,736918.3555286385,4982,559,4409,14,1,1801733.0,301.75,63.09,970.03,0.75,125.01,0.97145,0.0,0.0,7259.795
625,2423662461.3336987,396880.862428353,5125,488,4634,3,1,579505.0,304.55,42.34,975.73,1.22,329.91,0.022075,0.0,0.0,7443.684
626,6760578551.05886,664762.4220154961,7171,888,6270,13,1,1481255.0,305.3,38.44,978.78,1.17,338.19,0.000343,0.0,0.0,7501.695
627,47163332.48375805,36101.707196490715,48,48,0,0,-1,322931.0,305.83,33.79,980.29,0.25,263.4,0.0004940000000000001,0.0,0.0,7361.973
628,1808849458.9495847,286566.0248053616,1646,474,1160,12,1,931218.0,299.94,63.37,980.18,0.7,269.88,1.003,0.0,0.0,6531.048
629,543995350.6923151,262137.6917572923,1875,1841,16,18,1,452661.0,296.27,62.83,905.31,0.6,300.84,2.3724439999999998,0.0,0.0,6313.19
632,1372158396.6422105,193866.0758045378,1091,135,949,7,-1,251642.0,292.12,76.31,864.48,1.34,172.26,15.420262,1.169147,0.001208,6270.337
633,3637798115.293543,537526.1971186602,1002,206,786,10,1,1136548.0,301.59,70.04,998.36,1.41,171.67,1.660871,0.0,0.0,6863.511
634,4225581631.2979608,1047306.9363284395,6500,780,5677,43,1,2822780.0,299.95,71.86,996.47,1.55,154.73,1.8496970000000001,0.0,0.0,6713.091
635,10930281998.106493,817689.3772237471,2259,612,1613,9,1,329686.0,281.42,75.79,688.38,1.43,282.27,1.2302680000000001,0.306368,0.02361,7654.934
636,7707976276.344624,713756.6629193992,6864,1015,5825,24,1,1041099.0,304.56,44.57,978.56,0.92,321.68,0.073616,0.0,0.0,7420.922
637,31123937.22684744,147600.40219415983,0,0,0,0,1,64473.0,303.27,73.83,1009.55,3.57,326.74,1.06241,0.0,0.0,6229.288
638,553963865.1221721,195084.9104398111,1129,64,1064,1,1,656916.0,301.36,61.91,999.5,2.71,108.59,0.922616,0.0,0.0,4912.002
639,1940842381.3590355,553194.1614260123,1723,498,1215,10,0,1948632.0,300.13,70.11,995.65,0.76,190.01,1.531591,0.0,0.0,6823.301
640,1444111010.8278296,223032.36166706466,16,0,16,0,1,74004.0,294.14,65.93,876.03,0.35,316.84,3.5797470000000002,0.0,0.0,5805.83
641,6008052127.162643,565250.6675392864,237,38,199,0,1,214102.0,297.42,69.59,950.27,0.52,260.73,0.934516,0.0,0.0,6642.23
642,2045198173.1719704,279704.72339399834,361,10,351,0,1,95219.0,296.43,66.48,920.1,0.42,283.08,1.185959,0.0,0.0,6768.661
643,2362719042.0452642,276938.71577770583,50,13,37,0,1,142574.0,297.96,75.15,969.35,1.15,138.16,1.9608150000000002,0.0,0.0,6703.75
644,1840770282.7011487,330419.99248697393,2758,95,2653,10,1,1666886.0,302.12,59.04,1002.15,2.37,103.57,1.1512200000000001,0.0,0.0,5995.58
645,2067582870.9483235,342190.7692280658,5077,256,4814,7,1,1900661.0,301.73,60.05,1002.02,2.47,105.13,1.118208,0.0,0.0,5400.61
646,2681404731.176646,337447.4474450876,1375,98,1268,9,1,1150567,301.74,62.83,998.33,2.08,118.55,2.394477,0.0,0.0,6448.739
647,4118104750.389116,426988.53944311687,1706,52,1645,9,0,1626384.0,304.16,43.03,988.69,0.66,64.02,0.009473,0.0,0.0,7209.922
648,1612208216.7264595,295141.4871151169,1632,509,1116,7,1,659260.0,300.05,69.67,987.7,0.39,263.84,1.875032,0.0,0.0,5672.489
649,3777780213.3984666,455368.1614130343,2512,255,2251,6,1,1760405.0,301.8,57.02,985.65,1.72,111.04,0.5903649999999999,0.0,0.0,6857.47
650,3697942404.649568,387393.23465750396,2742,259,2474,9,0,2034763.0,301.72,60.7,993.21,1.95,116.19,1.1577620000000002,0.0,0.0,6711.464
651,4555289501.228439,455941.0172786057,1139,214,917,8,1,1321442.0,301.61,62.45,991.73,1.47,129.95,1.8422939999999999,0.0,0.0,6556.437
652,6797766766.033738,675718.5341148654,2107,245,1839,23,0,1066063.0,302.53,38.51,949.88,0.65,293.04,0.000344,0.0,0.0,7217.373
653,5459952475.015007,520436.4029272964,715,144,562,9,1,644758.0,302.99,37.68,955.17,0.3,297.08,0.0007469999999999999,0.0,0.0,7325.89
654,7892629269.938998,603558.7787017946,1816,339,1466,11,1,586327.0,302.2,37.98,943.63,1.06,301.81,9.8e-05,0.0,0.0,7220.246
655,1792668250.1152554,279382.5921170699,1356,335,1013,8,1,461790.0,300.74,49.02,937.13,1.16,351.8,0.053065999999999995,0.0,0.0,7675.89
656,6361445492.439436,638481.6179179953,1746,199,1545,2,1,1025213.0,300.79,49.58,936.88,1.68,355.25,0.034010000000000006,0.0,0.0,7690.296
657,6807216943.904169,706491.4390699387,542,86,456,0,0,704524,301.99,36.64,933.26,1.2,327.04,0.0014089999999999999,0.0,0.0,7185.425
658,6915675344.153191,560096.7114853476,1264,259,1001,4,1,851669,301.37,45.51,939.89,2.01,341.08,0.007389,0.0,0.0,7579.623
659,7779815714.434304,523439.6281826668,4203,1187,3009,7,0,1206640,303.39,39.0,964.06,1.21,343.35,1.6e-05,0.0,0.0,7246.523
660,10286648755.409046,779330.0445099083,1074,144,923,7,1,1379131.0,305.1,25.14,946.04,1.33,326.5,0.000424,0.0,0.0,6779.714
661,4440960206.3088455,448994.1331522053,1704,188,1512,4,0,599578.0,302.44,48.38,956.06,1.38,3.74,0.093926,0.0,0.0,7568.361
662,3916385522.0225677,530881.6825575341,988,37,938,13,0,728999.0,308.01,25.05,973.71,4.56,287.51,0.0010429999999999999,0.0,0.0,7454.833
663,4911989957.247214,480794.828348106,2394,288,2092,14,1,822526,304.45,32.06,957.52,1.49,343.21,0.000638,0.0,0.0,6885.686
664,6927635806.902197,792850.0151278961,5695,716,4853,126,0,1309135.0,307.36,33.07,975.42,4.46,282.55,0.021605000000000003,0.0,0.0,7327.845
665,3335296128.4130287,463266.1817408704,1617,190,1407,20,1,197035.0,305.0,34.73,967.36,1.13,347.77,0.000258,0.0,0.0,7010.583
666,9310041645.84828,838460.1074077919,8804,1490,7272,42,1,1537133.0,306.99,27.33,967.71,1.09,315.59,3.8e-05,0.0,0.0,7307.5
667,8301439903.098327,672253.4570086262,12929,754,11837,336,-1,1707947.0,307.24,31.76,967.31,4.94,294.16,0.015169,0.0,0.0,7160.344
668,3630625614.5501094,640550.0588826783,699,29,665,5,0,806489.0,306.41,40.28,979.55,3.68,265.8,0.038841,0.0,0.0,7381.729
669,1948937305.3001077,308619.7276063505,125,0,122,0,1,140757.0,294.99,66.66,894.59,0.26,326.36,2.681248,0.0,0.0,5993.452
670,3153745841.88029,366942.1855041338,878,199,677,2,1,518390.0,300.03,70.9,994.31,1.05,165.72,1.9106900000000002,0.0,0.0,6736.391
671,2027785040.5643227,244511.3931554848,127,19,108,0,1,132257.0,298.47,71.94,969.61,0.88,160.59,1.8132990000000002,0.0,0.0,6872.847
672,2110245766.8287668,230047.31294823,626,118,505,3,1,99019.0,295.57,67.47,912.93,0.33,195.35,1.807219,0.0,2e-06,7030.837
673,5538812981.217408,388281.6019025562,93,30,63,0,1,89717.0,284.05,77.96,737.45,1.29,146.27,5.69724,0.47914300000000004,0.000642,6424.294
674,5566351186.062982,451310.2107111661,287,21,266,0,1,78413.0,287.33,78.47,792.45,0.83,160.74,6.421407,0.35375,0.00025,5703.329
675,6395584435.124298,424977.0571326772,600,66,531,3,1,87013.0,289.86,76.0,830.16,0.77,166.48,5.007441,0.49181099999999994,0.000143,5864.871
676,1491513520.8320658,254275.26147227985,2887,181,2698,8,0,1000912.0,302.58,54.85,995.58,2.2,105.68,0.6263770000000001,0.0,0.0,6637.858
677,845452667.5322565,243275.92544297143,2473,146,2320,7,1,634927.0,302.91,52.8,996.01,2.11,103.93,0.49857299999999993,0.0,0.0,6687.376
678,783809625.5688357,210246.94983799304,1915,88,1819,8,0,699000.0,303.95,46.95,996.96,1.5,84.74,0.10666700000000001,0.0,0.0,7038.108
679,1151068029.7461836,250329.6957349985,3167,203,2955,9,0,1125313,303.79,48.01,997.42,1.7,91.65,0.168946,0.0,0.0,6969.093
680,3251481024.6757483,488556.4458984076,1839,398,1437,4,1,701707.0,303.9,35.66,961.33,1.27,345.58,0.000443,0.0,0.0,6939.835
681,3535701081.2133455,420901.2352413058,411,21,382,8,0,480000.0,307.65,21.08,958.0,3.05,315.8,2e-06,0.0,0.0,7188.304
682,1765348777.9470363,268090.95401630213,25,17,8,0,1,110152.0,296.66,77.89,952.06,0.89,136.52,2.020481,0.0,0.0,6546.304
683,1465099638.7302015,277239.9521032928,66,18,48,0,1,118325.0,299.66,69.02,982.77,0.8,207.37,1.752576,0.0,0.0,6872.486
684,1076058351.515525,150121.36266563088,81,41,39,1,1,170794.0,299.51,73.69,992.82,1.47,143.07,2.0178279999999997,0.0,0.0,6677.389
685,1204653793.1885624,218085.48796404863,1681,126,1529,26,1,"327,391",300.17,74.48,999.45,0.72,193.59,1.949832,0.0,0.0,6747.158
686,827079369.6662482,191409.6389089813,2109,554,1539,16,1,"277,335",299.94,74.11,995.74,0.36,219.78,2.073881,0.0,0.0,6211.281
687,1352678301.95174,261612.06481133238,113,2,105,6,1,325056.0,298.81,64.64,964.63,0.36,332.7,1.2632709999999998,0.0,0.0,6364.223
688,995275738.9022721,214771.5706385811,165,82,80,3,1,167304.0,299.14,68.1,980.97,0.39,68.33,1.3424610000000001,0.0,0.0,6100.166
689,847855989.8192452,264719.6472031908,51,4,47,0,1,555114.0,300.09,71.32,996.48,1.14,162.43,1.9437810000000002,0.0,0.0,6706.113
690,9128121979.520456,903285.0774860074,632,71,552,9,1,965280.0,299.59,63.58,975.34,0.4,272.49,1.056699,0.0,0.0,6393.825
691,3809976224.747204,488925.4792887157,39,1,37,1,1,813311.0,297.87,68.2,953.84,0.77,275.2,1.246342,0.0,0.0,6508.419
693,1717611160.169774,199586.18723107726,277,57,218,2,1,95950.0,298.19,66.17,959.83,0.17,137.11,0.8130729999999999,0.0,0.0,6885.422
694,1181908403.2392035,206109.32307188708,186,22,164,0,1,6000024.0,297.07,66.11,935.21,0.43,350.14,1.9607,0.0,0.0,6076.76
695,400972993.92575496,130651.063411852,177,175,2,0,1,43818.0,298.18,67.98,955.46,0.6,289.51,1.7486849999999998,0.0,0.0,6112.475
697,2565761798.0637035,312733.3175788776,33,18,15,0,1,47250.0,297.79,67.57,940.99,0.69,288.31,3.031688,0.0,0.0,6009.099
698,3413895628.948686,450717.2874534665,779,129,649,1,1,312520.0,303.88,50.09,975.69,0.38,345.22,0.26401399999999997,0.0,0.0,7432.008
699,20144529939.146267,1058773.7440776008,1729,275,1417,37,0,143388.0,269.78,78.85,584.19,1.55,212.84,0.24541500000000002,1.1668530000000001,0.44129799999999997,8044.586
700,12089660853.939957,662750.8207736328,1471,260,1200,11,1,231037.0,272.93,81.84,619.12,0.84,213.23,2.047766,3.170473,0.33966,7177.767
701,3046767052.775751,433432.84886103374,1098,194,898,6,0,314714.0,294.81,59.56,861.16,1.03,331.49,1.065066,0.0,0.0,5710.231
702,19596841008.836426,1090818.406713094,176,53,123,0,1,31528.0,269.0,80.51,570.89,0.78,269.25,0.37412199999999995,0.9394680000000001,0.356864,8677.665
703,8799546143.622648,616190.1857277908,206,21,183,2,1,84298.0,274.21,72.91,604.3,1.45,286.31,0.248164,0.583475,0.080802,8609.601
704,8863006016.275614,550669.56470103,162,23,139,0,1,33146.0,288.83,70.14,797.1,0.55,208.07,2.6539740000000003,3e-06,0.000139,7729.985
705,2242122761.785211,350249.6204705154,260,46,214,0,1,80597.0,296.23,70.62,933.12,0.13,135.43,1.460474,0.0,0.0,6245.209
706,12577378776.42819,672728.7583091346,11,7,4,0,1,7948.0,285.45,71.45,742.76,0.91,257.2,2.914182,1.1e-05,0.00024300000000000002,7864.439
707,4615056117.412895,455337.25495125604,233,37,196,0,1,53986.0,293.95,68.64,884.19,0.51,205.28,2.969505,0.0,1e-06,6985.14
708,4472923810.127839,433635.92179656704,54,8,46,0,1,31920.0,291.77,71.18,852.58,0.56,167.87,1.538518,0.0,3.8e-05,7362.512
709,3178078793.726253,371949.40323651046,2443,312,2109,22,0,555357.0,295.34,58.7,864.39,0.76,326.53,0.624797,0.0,5.2000000000000004e-05,6267.49
710,4025153508.7045045,415670.8242093533,3854,188,3656,10,0,2897013.0,306.77,28.54,949.29,4.44,328.36,0.0006450000000000001,0.0,0.0,7352.824
711,9880066459.688812,631292.2412263171,2215,380,1829,6,1,229832.0,305.34,46.64,972.88,1.13,179.2,0.192474,0.0,0.0,7242.075
712,34278853.0615551,46212.834630335055,1765,143,1580,42,1,55626,304.46,66.97,1005.19,3.26,208.66,1.209856,0.0,0.0,7114.42
713,1618556433.9412055,528477.8624947774,343,13,329,1,1,23724.0,307.71,22.05,977.96,1.47,3.93,0.0,0.0,0.0,7246.479
714,3272978828.86075,373175.6831677368,1474,1474,0,0,0,711434.0,308.04,35.97,983.99,1.51,178.9,0.010653,0.0,0.0,7230.063
715,2586399864.3614783,367859.0178058661,844,843,0,1,0,41752.0,307.8,31.51,959.41,1.39,188.07,0.009162,0.0,0.0,6850.152
716,3442420525.6510267,274667.1046582876,26,2,24,0,1,13310.0,285.74,73.89,750.34,1.05,152.97,2.981452,0.034585000000000005,0.000771,7499.459
718,1749735750.2447634,236889.1298532429,640,267,373,0,1,112272.0,292.79,72.22,873.02,0.4,163.96,1.680706,0.0,2.5e-05,6809.255
720,1672420910.602933,256025.73488117463,15,11,4,0,1,2225620.0,294.51,72.84,904.97,0.28,149.03,2.383286,0.0,1e-06,6019.916
